"data_id","balancing_method","imbalanced_ratio","resampling_ratio","rashomon_set_size","auc","f1","bacc","obscurity","discrepancy"
1,"Original",129.53125,1,3,0.803679131483716,NA,0.5,0,0
1,"Oversampling",1.01221001221001,1,38,1,0.999389871873093,0.998793727382388,0.0811509964230963,0.451456310679612
1,"Undersampling",1.06666666666667,1,8,0.821428571428571,0.714285714285714,0.702380952380952,0.182692307692308,0.461538461538462
1,"Near miss",1,1,9,0.795918367346939,0.666666666666667,0.642857142857143,0.222222222222222,0.571428571428571
1,"SMOTE",1,1,34,0.99958529831602,0.986219292989814,0.978287092882992,0.138260129142127,0.762364294330519
2,"Original",9.68286445012788,1,38,0.854789419191076,NA,0.608379813633479,0,0
2,"Oversampling",1.01229946524064,1,13,0.997556368433677,0.957637997432606,0.947159002723181,0.102886405959032,0.733705772811918
2,"Undersampling",1.02088772845953,1,30,0.874625374625374,0.839080459770115,0.812271062271062,0,0
2,"Near miss",1,1,43,0.831142486205777,NA,0.796900357026939,0.392857142857143,0.785714285714286
2,"SMOTE",1,1,15,0.989276863608955,0.939016393442623,0.92674004803017,0.123449898321305,0.604449938195303
3,"Original",6.07213578500707,1,39,0.90961484857926,NA,0.873878896194396,0,0
3,"Oversampling",1.0125,1,22,0.999614239901596,0.990064289888954,0.985440645111692,0.125496598639456,0.615238095238095
3,"Undersampling",1.02020202020202,1,20,0.903158324404306,0.858208955223881,0.860987805500281,0.178571428571429,0.357142857142857
3,"Near miss",1,1,31,0.930826091299571,0.885714285714286,0.886899410648287,0.214285714285714,0.428571428571429
3,"SMOTE",1,1,33,0.995034429670923,0.975467289719626,0.970314318975553,0.0997929388643224,0.835123183828174
4,"Original",4.16856600189934,1,22,0.767148382256098,NA,NA,0,0
4,"Oversampling",1.01315941359806,1,9,0.95331824150518,0.88622754491018,NA,0.112137916126243,0.695201037613489
4,"Undersampling",1.00477783086479,1,37,0.752787248550973,0.702325581395349,NA,0.12,0.266666666666667
4,"Near miss",1,1,41,0.741202656270275,0.697833523375142,NA,0.214285714285714,0.428571428571429
4,"SMOTE",1,1,16,0.932744258539548,0.864686468646865,NA,0.0997929388643224,0.835123183828174
5,"Original",5.46932515337423,1,27,0.834712672947966,NA,NA,0,0
5,"Oversampling",1.00791407574901,1,14,0.982943318970648,0.933518005540166,NA,0.100170068027211,0.642195767195767
5,"Undersampling",1.0251572327044,1,40,0.821141098484848,0.791666666666667,NA,0.25,0.5
5,"Near miss",1,1,23,0.807226107226107,0.755555555555556,NA,0.214285714285714,0.428571428571429
5,"SMOTE",1,1,20,0.971469486671073,0.918539325842697,NA,0.0997929388643224,0.835123183828174
6,"Original",1.8438995215311,1,34,0.938251587623295,NA,NA,0,0
6,"Oversampling",1.01173188940848,1,17,0.975351755560585,0.931836734693878,NA,0.0650550384030014,0.499663752521856
6,"Undersampling",1.01103552532124,1,35,0.923545284481289,0.853395061728395,NA,0.260606060606061,0.6
6,"Near miss",1,1,33,0.936680295107736,0.861693861693862,NA,0.115384615384615,0.230769230769231
6,"SMOTE",1,1,20,0.953396677176854,0.886433394720687,NA,0.177264249912577,0.733243967828418
7,"Original",42.0115384615385,1,21,0.971462031558189,NA,0.815018315018315,0.0349619568634849,1
7,"Oversampling",1.01477146042363,1,36,0.995936541396365,0.986410496719775,0.986563386296317,0.0630810092961491,0.139442231075697
7,"Undersampling",1.07438016528926,1,45,0.984575320512821,0.962264150943396,0.959134615384615,0.0851612903225806,0.651612903225806
7,"Near miss",1,1,24,0.956176035502959,0.92,0.913461538461538,0.107835876166494,0.528662420382166
7,"SMOTE",1,1,39,0.99443005507079,0.979421965317919,0.979402834008097,0.0837843784378435,0.162376237623762
8,"Original",14.8375,1,14,0.92546052631579,NA,0.5,0.0349619568634849,1
8,"Oversampling",1.00593220338983,1,36,1,0.992639327024185,NA,0.195043569618689,0.972807613868117
8,"Undersampling",1.04575163398693,1,24,0.921354166666667,0.875,0.5,0.158863416209235,0.54601226993865
8,"Near miss",1,1,13,0.900390625,0.852941176470588,0.5,0.537267080745342,0.68944099378882
8,"SMOTE",1,1,20,0.998386703601108,0.981288981288981,0.5,0.0721348884381335,0.160243407707911
9,"Original",13.4025974025974,1,16,0.805797101449275,NA,NA,0.0349619568634849,1
9,"Oversampling",1.0078125,1,19,0.999905738187817,0.995145631067961,NA,0.0980528511821983,0.168289290681502
9,"Undersampling",1.05479452054795,1,2,0.808888888888889,0.823529411764706,NA,0.093985941161156,0.844311377245509
9,"Near miss",1,1,3,0.841666666666667,0.842105263157895,NA,0.0976076555023923,0.575757575757576
9,"SMOTE",1,1,19,0.994746963088035,0.978208232445521,NA,0.140848317196865,0.795297372060857
10,"Original",8.76875,1,21,0.902455357142858,NA,NA,0.0349619568634849,1
10,"Oversampling",1.0129963898917,1,19,0.999065239814337,0.971929824561403,NA,0.0956940222897672,0.18936170212766
10,"Undersampling",1.04575163398693,1,24,0.829166666666667,0.840579710144927,NA,0.142384947876939,0.181286549707602
10,"Near miss",1,1,17,0.884765625,0.845070422535211,NA,0.0976076555023923,0.575757575757576
10,"SMOTE",1,1,25,0.985936705643112,0.951526032315978,NA,0.140848317196865,0.795297372060857
11,"Original",7.19101123595506,1,22,0.934933035714286,NA,NA,0.0349619568634849,1
11,"Oversampling",1.00946372239748,1,25,0.997039554625984,0.97131931166348,NA,0.070661853188929,0.152346570397112
11,"Undersampling",1.04093567251462,1,22,0.940816326530612,0.894736842105263,NA,0.0428571428571429,0.114285714285714
11,"Near miss",1,1,30,0.891203703703704,0.867469879518072,NA,0.0976076555023923,0.575757575757576
11,"SMOTE",1,1,38,0.993865966796875,0.97131931166348,NA,0.140848317196865,0.795297372060857
12,"Original",2.40731399747793,1,24,0.956678685501664,NA,0.5,0.0349619568634849,1
12,"Oversampling",1.01112288135593,1,19,0.986183827806863,0.94011590470058,0.5,0.124075434729365,0.17634092578986
12,"Undersampling",1.01019108280255,1,18,0.93937993530109,0.867692307692308,0.5,0.142580395195661,0.859550561797753
12,"Near miss",1,1,14,0.941626122384398,0.878648233486943,0.5,0.142441860465116,0.806818181818182
12,"SMOTE",1,1,22,0.97085983114498,0.914948453608247,0.5,0.105246008471815,0.159090909090909
13,"Original",1.96348314606742,1,38,0.946020408163265,NA,0.5,0.069545838776608,0.846153846153846
13,"Oversampling",1.01895043731778,1,20,0.969254658385092,0.927536231884058,0.5,0.101587047984236,0.348564733450498
13,"Undersampling",1.02593659942363,1,23,0.929563492063492,0.861111111111111,0.5,0.173214285714286,0.692857142857143
13,"Near miss",1,1,22,0.907668231611895,0.867132867132867,NA,0.123674911660777,0.537102473498233
13,"SMOTE",1,1,17,0.967244897959184,0.907801418439716,0.5,0.138250961301019,0.5034924330617
14,"Original",1.53778268063982,1,40,0.984418969756213,NA,0.941371189904914,0.069545838776608,0.846153846153846
14,"Oversampling",1.00831826401447,1,42,0.989198701121934,0.96588868940754,0.962227861064121,0.0889212827988337,0.6968787515006
14,"Undersampling",1.00387596899225,1,42,0.986290580338795,0.954230235783634,0.954492184527343,0.111643835616438,0.777397260273973
14,"Near miss",1,1,39,0.981072938247995,0.94579945799458,0.944903581267218,0.151202749140893,0.718213058419244
14,"SMOTE",1,1,40,0.989138114875194,0.960502692998205,0.954301075268817,0.102206320810972,0.520572450805009
15,"Original",5.07101449275362,1,17,0.87265010351967,0.537585421412301,0.6976966873706,0.069545838776608,0.846153846153846
15,"Oversampling",1.01411764705882,1,18,0.972594355661341,0.918604651162791,0.918463107786467,0.184839781858079,0.66584917228694
15,"Undersampling",1.06285714285714,1,21,0.819548872180451,0.75,0.742105263157895,0.104843098131689,0.708053691275168
15,"Near miss",1,1,14,0.852447041636231,0.8,0.77027027027027,0.196809571286142,0.661016949152542
15,"SMOTE",1,1,25,0.974539744060945,0.923976608187134,0.921965317919075,0.134804349090063,0.666056166056166
16,"Original",1.88410104011887,1,44,1,NA,NA,0.069545838776608,0.846153846153846
16,"Oversampling",1.01035856573705,1,39,1,1,NA,0.148947258703356,0.682301438398999
16,"Undersampling",1.00899550224888,1,42,1,1,NA,0.131313131313131,0.73202614379085
16,"Near miss",1,1,43,1,1,NA,0.196809571286142,0.661016949152542
16,"SMOTE",1,1,36,1,1,NA,0.134804349090063,0.666056166056166
17,"Original",12.2933333333333,1,39,0.952077687443541,NA,0.758536585365854,0.069545838776608,0.846153846153846
17,"Oversampling",1.00326441784548,1,20,0.999911629551078,0.983957219251337,0.970189701897019,0.130250883596964,0.708094327597196
17,"Undersampling",1.03448275862069,1,25,0.920689655172414,0.9,0.864942528735632,0.165373497641868,0.747603833865815
17,"Near miss",1,1,43,0.966666666666667,0.935483870967742,0.933333333333333,0.196809571286142,0.661016949152542
17,"SMOTE",1,1,24,0.99515435371745,0.968337730870713,0.952552433133027,0.134804349090063,0.666056166056166
18,"Original",17.5402298850575,1,22,0.99159594627997,NA,0.5,0.069545838776608,0.846153846153846
18,"Oversampling",1.01104240282686,1,37,0.999883720369781,NA,NA,0.10460729746444,0.288311688311688
18,"Undersampling",1.07851239669421,1,37,0.994889937106918,0.981481481481482,NA,0.110747456877488,0.712074303405573
18,"Near miss",1,1,41,0.997864008543966,0.981132075471698,0.5,0.130545639979602,0.726415094339623
18,"SMOTE",1,1,40,0.998307621898896,0.992938620315046,0.5,0.115948518923939,0.709573091849935
19,"Original",25.7650273224044,1,18,0.870439368318475,NA,0.658450603307443,0.0480215376909592,0.0858585858585859
19,"Oversampling",1.01136851136851,1,37,1,0.994663820704376,0.994697773064687,0.128881245820197,0.325881341358555
19,"Undersampling",1.04571428571429,1,13,0.9003861003861,0.868421052631579,0.86023166023166,0.181812324839738,0.855780691299166
19,"Near miss",1,1,23,0.902118334550767,0.873239436619718,0.878378378378378,0.179769422397312,0.842042755344418
19,"SMOTE",1,1,21,0.998432385079994,0.984210526315789,0.977200424178155,0.18871013667426,0.258257403189066
20,"Original",28.0980392156863,1,21,0.968292682926829,NA,0.691289198606272,0.0480215376909592,0.0858585858585859
20,"Oversampling",1.00986610288936,1,41,1,0.994746059544659,0.994773519163763,0.173818608746698,0.244203111241561
20,"Undersampling",1.0625,1,16,0.96969696969697,0.909090909090909,0.909090909090909,0.190730011587486,0.485515643105446
20,"Near miss",1,1,16,0.972727272727273,0.956521739130435,0.904545454545454,0.165314793356508,0.246813441483198
20,"SMOTE",1,1,36,0.99940511600238,0.986206896551724,0.984320557491289,0.135570469798658,0.32156405018967
21,"Original",12.5786516853933,1,11,0.646159582401193,NA,0.5,0.0480215376909592,0.0858585858585859
21,"Oversampling",1.00538841490795,1,18,1,1,1,0.154167083875705,0.21778311805347
21,"Undersampling",1.04093567251462,1,1,0.728163265306122,0.666666666666667,0.5,0.257401714932859,0.763306908267271
21,"Near miss",1,1,4,0.65354938271605,0.605263157894737,0.569444444444444,0.161791639732816,0.497737556561086
21,"SMOTE",1,1,14,0.99931934997923,0.98669623059867,0.976510067114094,0.17011712921516,0.749328558639212
1,"Original",129.53125,1.05,3,0.803679131483716,NA,0.5,0.0480215376909592,0.0858585858585859
1,"Oversampling",1.06118791602663,1.05,36,1,0.999361022364217,0.998793727382388,0.138198916487785,0.242563630788102
1,"Undersampling",1.09375,1.05,1,0.989795918367347,0.933333333333333,0.714285714285714,0.161287770922322,0.427464008859358
1,"Near miss",1.03125,1.05,2,0.816326530612245,0.75,0.714285714285714,0.161791639732816,0.497737556561086
1,"SMOTE",1.05016468203699,1.05,31,0.999755381978685,0.986833855799373,0.98235616078131,0.17011712921516,0.749328558639212
2,"Original",9.68286445012788,1.05,38,0.854789419191076,NA,0.608379813633479,0.0480215376909592,0.0858585858585859
2,"Oversampling",1.06258770698849,1.05,11,0.997953572366936,0.959623149394347,0.953825857519789,0.160904136513893,0.275171982489056
2,"Undersampling",1.07416879795396,1.05,19,0.906344183242917,0.855491329479769,0.828812537673297,0.20750085626213,0.457700650759219
2,"Near miss",1.04859335038363,1.05,40,0.812210558814449,NA,0.802330966347638,0.161791639732816,0.497737556561086
2,"SMOTE",1.0502080443828,1.05,16,0.985230129657212,0.941580756013746,0.934002173761889,0.17011712921516,0.749328558639212
3,"Original",6.07213578500707,1.05,39,0.90961484857926,NA,0.873878896194396,0.0480215376909592,0.0858585858585859
3,"Oversampling",1.06341342581125,1.05,21,0.999347963757172,0.990159901599016,0.980998625242169,0.112428298279159,0.160930528999363
3,"Undersampling",1.06506364922207,1.05,40,0.885727699530517,0.83969465648855,0.850845070422535,0.211122881355932,0.848516949152542
3,"Near miss",1.04950495049505,1.05,33,0.917572549390302,0.880597014925373,0.888647320162586,0.843081982616866,1
3,"SMOTE",1.05014677103718,1.05,35,0.991710096746377,0.973505853357979,0.971243642035573,0.125425684351564,0.27965833596963
4,"Original",4.16856600189934,1.05,22,0.767148382256098,NA,NA,0.0519218982575957,0.0732860520094563
4,"Oversampling",1.06349206349206,1.05,10,0.951590911285905,0.880371660859466,NA,0.106438631790744,0.214084507042254
4,"Undersampling",1.05230622919639,1.05,35,0.778815253490394,0.707838479809976,NA,0.195,0.515384615384615
4,"Near miss",1.04992867332382,1.05,15,0.749105233176771,0.672169811320755,NA,0.176900099568536,0.931297709923664
4,"SMOTE",1.05000598157674,1.05,20,0.927099563912872,0.860972568578554,NA,0.117671809256662,0.336605890603086
5,"Original",5.46932515337423,1.05,27,0.834712672947966,NA,NA,0.0519218982575957,0.0732860520094563
5,"Oversampling",1.05316007088009,1.05,12,0.982226518926154,0.927953890489914,NA,0.122126436781609,0.239942528735632
5,"Undersampling",1.06748466257669,1.05,28,0.875,0.808823529411765,NA,0.157825630252101,0.786764705882353
5,"Near miss",1.04907975460123,1.05,39,0.845924225028702,0.8,NA,0.173271173271173,0.856060606060606
5,"SMOTE",1.05005889281508,1.05,17,0.965830449826989,0.917159763313609,NA,0.144906743185079,0.235294117647059
6,"Original",1.8438995215311,1.05,34,0.938251587623295,NA,NA,0.0519218982575957,0.0732860520094563
6,"Oversampling",1.05972329638223,1.05,18,0.971532911406522,0.92443487621098,NA,0.143878299120235,0.240469208211144
6,"Undersampling",1.0611543062201,1.05,18,0.928780536622878,0.850734725444702,NA,0.162043795620438,0.766423357664234
6,"Near miss",1.04994019138756,1.05,32,0.936985789080031,0.860313815537696,NA,0.231429798196651,0.503649635036496
6,"SMOTE",1.05006811989101,1.05,29,0.95110175474199,0.873220932778629,NA,0.163403491597324,0.254038179148311
7,"Original",42.0115384615385,1.05,21,0.971462031558189,NA,0.815018315018315,0.0519218982575957,0.0732860520094563
7,"Oversampling",1.06503510140406,1.05,38,0.99622582033601,0.987708947885939,0.987929590318669,0.136726546906188,0.296407185628743
7,"Undersampling",1.11153846153846,1.05,35,0.972480106100796,NA,0.937665782493369,0.176571624871178,0.816901408450704
7,"Near miss",1.05,1.05,19,0.964335664335664,0.905660377358491,0.898426573426573,0.231429798196651,0.503649635036496
7,"SMOTE",1.05008652182273,1.05,38,0.994826447590871,0.981067961165049,0.976350732600733,0.163403491597324,0.254038179148311
8,"Original",14.8375,1.05,14,0.92546052631579,NA,0.5,0.0519218982575957,0.0732860520094563
8,"Oversampling",1.05230496453901,1.05,36,1,0.995594713656388,NA,0.115022172949002,0.217987804878049
8,"Undersampling",1.09375,1.05,28,0.892857142857143,0.852941176470588,NA,0.199786324786325,0.902777777777778
8,"Near miss",1.05,1.05,23,0.931985294117647,0.857142857142857,0.5,0.231429798196651,0.503649635036496
8,"SMOTE",1.05044247787611,1.05,27,0.999035863996274,0.980392156862745,0.5,0.163403491597324,0.254038179148311
9,"Original",13.4025974025974,1.05,16,0.805797101449275,NA,NA,0.0519218982575957,0.0732860520094563
9,"Oversampling",1.05846153846154,1.05,20,0.999950452124365,0.994897959183673,NA,0.12899290150843,0.27639751552795
9,"Undersampling",1.1038961038961,1.05,1,0.862132352941176,0.758620689655172,NA,0.193780369290573,0.870748299319728
9,"Near miss",1.03896103896104,1.05,6,0.858333333333333,0.827586206896552,NA,0.152050009192866,0.789115646258503
9,"SMOTE",1.05091649694501,1.05,20,0.995021947571054,0.974619289340102,NA,0.188102643856921,0.746500777604977
10,"Original",8.76875,1.05,21,0.902455357142858,NA,NA,0.098291721419185,0.235216819973719
10,"Oversampling",1.05647590361446,1.05,13,0.998872180451128,0.967272727272727,NA,0.213515620315404,0.753109072375127
10,"Undersampling",1.09375,1.05,21,0.884821428571429,0.838709677419355,NA,0.125896885069817,0.78796992481203
10,"Near miss",1.05,1.05,25,0.875919117647059,0.845070422535211,NA,0.137411498159162,0.773457943925234
10,"SMOTE",1.0501497005988,1.05,18,0.986620469083155,0.951672862453532,NA,0.152665720656801,0.466855868639773
11,"Original",7.19101123595506,1.05,22,0.934933035714286,NA,NA,0.098291721419185,0.235216819973719
11,"Oversampling",1.05785123966942,1.05,21,0.998127582644628,0.969939879759519,NA,0.175020275750203,0.736392075078206
11,"Undersampling",1.08988764044944,1.05,15,0.950292397660819,0.906666666666667,NA,0.237456172167815,0.718171926006529
11,"Near miss",1.04494382022472,1.05,30,0.920795795795796,0.894736842105263,NA,0.156956858810653,0.734403502371397
11,"SMOTE",1.05004101722724,1.05,22,0.993228099385246,0.973737373737374,NA,0.207777236796884,0.823504983388704
12,"Original",2.40731399747793,1.05,24,0.956678685501664,NA,0.5,0.098291721419185,0.235216819973719
12,"Oversampling",1.06232609905398,1.05,19,0.978348527987533,0.927694406548431,0.5,0.131357900684286,0.283030949839915
12,"Undersampling",1.04854981084489,1.05,35,0.934840500878239,0.87518355359765,0.5,0.139016670598412,0.816702052370842
12,"Near miss",1.04981084489281,1.05,18,0.935454322246774,0.875739644970414,0.5,0.142617828313514,0.819217081850534
12,"SMOTE",1.05005500550055,1.05,17,0.970310612162706,0.922043010752688,0.5,0.175889394328889,0.764068804417074
13,"Original",1.96348314606742,1.05,38,0.946020408163265,NA,0.5,0.098291721419185,0.235216819973719
13,"Oversampling",1.06231003039514,1.05,29,0.967478354978355,0.921348314606742,NA,0.176221702220286,0.772094035698737
13,"Undersampling",1.06460674157303,1.05,16,0.96235380116959,0.895104895104895,0.5,0.171856833108129,0.751814725198756
13,"Near miss",1.04775280898876,1.05,25,0.946666666666667,0.904109589041096,0.5,0.142617828313514,0.819217081850534
13,"SMOTE",1.05112781954887,1.05,21,0.967991407089153,0.914498141263941,0.5,0.175889394328889,0.764068804417074
14,"Original",1.53778268063982,1.05,40,0.984418969756213,NA,0.941371189904914,0.098291721419185,0.235216819973719
14,"Oversampling",1.05806451612903,1.05,43,0.993878925139254,0.969302325581395,0.97011385199241,0.186922735346359,0.76265541740675
14,"Undersampling",1.04964147821291,1.05,43,0.986920143269381,0.959778085991678,0.959527849074114,0.127901735406806,0.273833671399594
14,"Near miss",1.04964147821291,1.05,31,0.984411478951869,0.951724137931034,0.951378315279651,0.142617828313514,0.819217081850534
14,"SMOTE",1.05009416195857,1.05,41,0.987964819202284,0.957169459962756,0.954240325618128,0.175889394328889,0.764068804417074
15,"Original",5.07101449275362,1.05,17,0.87265010351967,0.537585421412301,0.6976966873706,0.098291721419185,0.235216819973719
15,"Oversampling",1.0655129789864,1.05,17,0.982444872618283,0.925816023738873,0.91789766645258,0.150908620578155,0.770710728836578
15,"Undersampling",1.09139784946237,1.05,24,0.812162162162162,0.756756756756757,0.736824324324324,0.153292680558523,0.741168702542093
15,"Near miss",1.04838709677419,1.05,13,0.843381843381843,0.794871794871795,0.75017325017325,0.132723042992235,0.76271186440678
15,"SMOTE",1.05121951219512,1.05,19,0.977266318905963,0.924012158054711,0.919903425912872,0.127646396396397,0.767117117117117
16,"Original",1.88410104011887,1.05,44,1,NA,NA,0.00538802282988331,0.0125223613595707
16,"Oversampling",1.0593149540518,1.05,44,1,1,NA,0.094874849486332,0.743370993774499
16,"Undersampling",1.06389301634473,1.05,33,1,1,NA,0.121333333333333,0.51
16,"Near miss",1.04903417533432,1.05,41,1,1,NA,0.112980769230769,0.528846153846154
16,"SMOTE",1.05053852526926,1.05,41,1,1,NA,0.0974758056470119,0.857862211032273
17,"Original",12.2933333333333,1.05,39,0.952077687443541,NA,0.758536585365854,0.00538802282988331,0.0125223613595707
17,"Oversampling",1.04951622083096,1.05,25,0.999891907750986,0.983193277310924,0.97289972899729,0.08642266824085,0.837780401416765
17,"Undersampling",1.07333333333333,1.05,39,0.934375,0.885245901639344,0.8875,0.0444155844155844,0.127272727272727
17,"Near miss",1.04666666666667,1.05,31,0.940625,0.88135593220339,0.886458333333333,0.0649286768322676,0.130841121495327
17,"SMOTE",1.0501138952164,1.05,25,0.994387472283814,0.965421853388658,0.956312361419069,0.0813357855238471,0.8843808630394
18,"Original",17.5402298850575,1.05,22,0.99159594627997,NA,0.5,0.00538802282988331,0.0125223613595707
18,"Oversampling",1.06144215163459,1.05,36,0.999492731256357,0.994239631336406,NA,0.0713201068531018,0.839255499153976
18,"Undersampling",1.11111111111111,1.05,27,0.98723474801061,0.97196261682243,NA,0.109973867595819,0.544642857142857
18,"Near miss",1.04980842911877,1.05,26,0.990394511149228,0.954128440366972,0.5,0.079088895919013,0.137614678899083
18,"SMOTE",1.05,1.05,39,0.998488892672569,NA,0.5,0.0627817745803357,0.464028776978417
19,"Original",25.7650273224044,1.05,18,0.870439368318475,NA,0.658450603307443,0.00538802282988331,0.0125223613595707
19,"Oversampling",1.06002697841727,1.05,30,1,0.994969256567915,0.995227995758218,0.0420092638272213,0.165762210162802
19,"Undersampling",1.0983606557377,1.05,25,0.932432432432432,0.849315068493151,0.844932432432432,0.127777777777778,0.565217391304348
19,"Near miss",1.04918032786885,1.05,11,0.910087719298246,0.8,0.796783625730994,0.079088895919013,0.137614678899083
19,"SMOTE",1.05011135857461,1.05,22,0.998956087169084,0.985603543743079,0.980646281237674,0.0627817745803357,0.464028776978417
20,"Original",28.0980392156863,1.05,21,0.968292682926829,NA,0.691289198606272,0.00538802282988331,0.0125223613595707
20,"Oversampling",1.05678466076696,1.05,37,1,0.992700729927007,0.993031358885018,0.170746247216835,0.822523881347411
20,"Undersampling",1.11764705882353,1.05,30,1,0.952380952380952,0.954545454545455,0.0686813186813187,0.478632478632479
20,"Near miss",1.03921568627451,1.05,15,0.9,0.857142857142857,0.859090909090909,0.079088895919013,0.137614678899083
20,"SMOTE",1.05058651026393,1.05,35,0.99923421526209,0.987341772151899,0.984141874385777,0.0627817745803357,0.464028776978417
21,"Original",12.5786516853933,1.05,11,0.646159582401193,NA,0.5,0.00538802282988331,0.0125223613595707
21,"Oversampling",1.05414312617702,1.05,19,1,1,1,0.0961311045768349,0.564817182306316
21,"Undersampling",1.08988764044944,1.05,4,0.681286549707602,0.516129032258065,0.531432748538012,0.0588235294117647,0.579831932773109
21,"Near miss",1.04494382022472,1.05,9,0.722222222222223,0.684931506849315,0.684684684684685,0.0974992086103197,0.162393162393162
21,"SMOTE",1.05018761726079,1.05,16,0.999002216130489,0.980346820809249,0.971760090745817,0.090956517202702,0.858850457782299
1,"Original",129.53125,1.1,3,0.803679131483716,NA,0.5,0.0204282896590589,0.0374753451676529
1,"Oversampling",1.11215454789375,1.1,35,1,NA,0.998793727382388,0.102692713833157,0.503695881731785
1,"Undersampling",1.09375,1.1,6,0.836734693877551,0.8,0.857142857142857,0.154569892473118,0.467741935483871
1,"Near miss",1.09375,1.1,2,1,0.923076923076923,0.785714285714286,0.120192307692308,0.21875
1,"SMOTE",1.10005307855626,1.1,36,0.999552047303805,0.987458745874587,0.982089091391949,0.099263157894737,0.308421052631579
2,"Original",9.68286445012788,1.1,38,0.854789419191076,NA,0.608379813633479,0.0204282896590589,0.0374753451676529
2,"Oversampling",1.11352941176471,1.1,14,0.996453515443117,0.9484827099506,0.940741890423716,0.101761956130888,0.516720604099245
2,"Undersampling",1.1227621483376,1.1,23,0.837744533947065,NA,0.800345224395857,0.103411513859275,0.507462686567164
2,"Near miss",1.0997442455243,1.1,19,0.848690020606417,0.802325581395349,0.780762437444804,0.101449275362319,0.303030303030303
2,"SMOTE",1.10026155187446,1.1,15,0.980278195373382,0.925739005046864,0.913262410259557,0.114067681489472,0.574973031283711
3,"Original",6.07213578500707,1.1,39,0.90961484857926,NA,0.873878896194396,0.0204282896590589,0.0374753451676529
3,"Oversampling",1.11275272161742,1.1,19,0.996430661028901,0.988387096774193,0.978971511638428,0.148627207505519,0.711920529801324
3,"Undersampling",1.1046676096181,1.1,37,0.92352170574152,0.893772893772894,0.900415593802232,0.141304347826087,0.536231884057971
3,"Near miss",1.0990099009901,1.1,34,0.946394031500416,0.918149466192171,0.919084461637653,0.126050420168067,0.838235294117647
3,"SMOTE",1.10020502306509,1.1,21,0.992442775355999,0.971539456662354,0.970909093626198,0.157836644591612,0.790286975717439
4,"Original",4.16856600189934,1.1,22,0.767148382256098,NA,NA,0.0204282896590589,0.0374753451676529
4,"Oversampling",1.11595677050223,1.1,9,0.952198221120353,0.879902705989663,NA,0.122050561797753,0.465168539325843
4,"Undersampling",1.09747979077508,1.1,35,0.766290320922151,0.677925211097708,NA,0.074025974025974,0.271428571428571
4,"Near miss",1.09985734664765,1.1,42,0.756893747787588,NA,NA,0.126050420168067,0.838235294117647
4,"SMOTE",1.10001253289886,1.1,16,0.933182246627764,0.858812074001948,NA,0.157836644591612,0.790286975717439
5,"Original",5.46932515337423,1.1,27,0.834712672947966,NA,NA,0.0204282896590589,0.0374753451676529
5,"Oversampling",1.09723076923077,1.1,8,0.97688429217841,0.919575113808801,NA,0.113281485500693,0.709049255441008
5,"Undersampling",1.11042944785276,1.1,30,0.845940170940171,0.768115942028986,NA,0.127604166666667,0.305555555555556
5,"Near miss",1.09815950920245,1.1,34,0.804594017094017,0.746835443037975,NA,0.126050420168067,0.838235294117647
5,"SMOTE",1.10061728395062,1.1,18,0.953197945845006,0.912225705329154,NA,0.157836644591612,0.790286975717439
6,"Original",1.8438995215311,1.1,34,0.938251587623295,NA,NA,0.0204282896590589,0.0374753451676529
6,"Oversampling",1.11209306519975,1.1,17,0.973809378475772,0.926774483378257,NA,0.12939122098199,0.745052386495926
6,"Undersampling",1.11273923444976,1.1,36,0.930741166962109,NA,NA,0.0670289855072464,0.208333333333333
6,"Near miss",1.09988038277512,1.1,41,0.933156845064019,0.849788705339992,NA,0.0833333333333333,0.472222222222222
6,"SMOTE",1.10008920606601,1.1,19,0.948356033812245,0.872504537205082,NA,0.135312640575799,0.735672514619883
7,"Original",42.0115384615385,1.1,21,0.971462031558189,NA,0.815018315018315,0.00394144144144144,0.018018018018018
7,"Oversampling",1.11847225066557,1.1,39,0.994834892876368,NA,0.983346626491788,0.207204905467552,0.745145631067961
7,"Undersampling",1.15,1.1,41,0.923076923076923,0.851851851851852,0.858974358974359,0.05,0.1
7,"Near miss",1.1,1.1,29,0.935391363022942,0.893203883495146,0.898448043184885,0.10752688172043,0.161290322580645
7,"SMOTE",1.1,1.1,35,0.994295000903764,0.98093058733791,0.976355090025785,0.118516630559449,0.501210653753027
8,"Original",14.8375,1.1,14,0.92546052631579,NA,0.5,0.00394144144144144,0.018018018018018
8,"Oversampling",1.09958314034275,1.1,32,1,0.993087557603687,NA,0.22089552238806,0.646766169154229
8,"Undersampling",1.1375,1.1,28,0.897804054054054,NA,NA,0,0
8,"Near miss",1.1,1.1,35,0.897569444444444,0.869565217391304,0.5,0.129032258064516,0.258064516129032
8,"SMOTE",1.10009267840593,1.1,21,0.999345463426548,0.978335233751425,0.5,0.143688118811881,0.49009900990099
9,"Original",13.4025974025974,1.1,16,0.805797101449275,NA,NA,0.00394144144144144,0.018018018018018
9,"Oversampling",1.1002132196162,1.1,24,1,NA,NA,0.144831223628692,0.493670886075949
9,"Undersampling",1.16883116883117,1.1,3,0.84375,0.8,NA,0.117647058823529,0.205882352941176
9,"Near miss",1.09090909090909,1.1,22,0.803308823529412,0.8125,NA,0.31129476584022,0.575757575757576
9,"SMOTE",1.1002132196162,1.1,19,0.997533148319457,0.98421052631579,NA,0.10219853431046,0.286075949367089
10,"Original",8.76875,1.1,21,0.902455357142858,NA,NA,0.00394144144144144,0.018018018018018
10,"Oversampling",1.10559495665879,1.1,20,0.996857424071991,0.961832061068702,NA,0.115862230552952,0.34020618556701
10,"Undersampling",1.1375,1.1,22,0.871621621621622,0.828571428571429,NA,0.114285714285714,0.228571428571429
10,"Near miss",1.1,1.1,10,0.897569444444444,0.794117647058823,NA,0.31129476584022,0.575757575757576
10,"SMOTE",1.10039215686275,1.1,24,0.986694677871148,0.943025540275049,NA,0.10219853431046,0.286075949367089
11,"Original",7.19101123595506,1.1,22,0.934933035714286,NA,NA,0.00394144144144144,0.018018018018018
11,"Oversampling",1.10249784668389,1.1,22,0.995339324034335,0.972631578947369,NA,0.141533180778032,0.739473684210526
11,"Undersampling",1.15168539325843,1.1,12,0.926151761517615,0.868421052631579,NA,0.101851851851852,0.25
11,"Near miss",1.09550561797753,1.1,26,0.96043956043956,0.931506849315068,NA,0.31129476584022,0.575757575757576
11,"SMOTE",1.1006018916595,1.1,23,0.993562231759657,0.966386554621849,NA,0.10219853431046,0.286075949367089
12,"Original",2.40731399747793,1.1,24,0.956678685501664,NA,0.5,0.00394144144144144,0.018018018018018
12,"Oversampling",1.1131195335277,1.1,20,0.982826881687605,0.936530324400564,0.5,0.143641888733053,0.731182795698925
12,"Undersampling",1.09899117276166,1.1,22,0.948510807489337,0.87987987987988,0.5,0.138888888888889,0.25
12,"Near miss",1.09962168978562,1.1,24,0.950852390477735,0.885844748858447,0.5,0.101010101010101,0.277777777777778
12,"SMOTE",1.10028818443804,1.1,21,0.97307795313608,0.918994413407821,0.5,0.154121863799283,0.768817204301075
13,"Original",1.96348314606742,1.1,38,0.946020408163265,NA,0.5,0.0724969474969475,0.987179487179487
13,"Oversampling",1.1042654028436,1.1,18,0.96984126984127,0.924302788844621,0.5,0.166304450533875,0.481149012567325
13,"Undersampling",1.1123595505618,1.1,19,0.941631504922644,0.857142857142857,0.5,0.146505376344086,0.67741935483871
13,"Near miss",1.09831460674157,1.1,21,0.949191279887482,0.881118881118881,0.5,0.155330882352941,0.234375
13,"SMOTE",1.1007874015748,1.1,23,0.960573678290213,0.893280632411067,0.5,0.141960784313725,0.796791443850267
14,"Original",1.53778268063982,1.1,40,0.984418969756213,NA,0.941371189904914,0.0724969474969475,0.987179487179487
14,"Oversampling",1.1015408929277,1.1,38,0.990514212711593,0.96165191740413,0.959306575818872,0.15018315018315,0.271062271062271
14,"Undersampling",1.09542195256481,1.1,31,0.985067066358572,0.955801104972376,0.956432888537308,0.0973702914001421,0.164179104477612
14,"Near miss",1.09983452840596,1.1,25,0.984920980136288,0.951856946354883,0.954027631061124,0.151515151515152,0.560606060606061
14,"SMOTE",1.10023677979479,1.1,31,0.990710695425332,0.958984375,0.960923416258404,0.129359286293593,0.505474452554745
15,"Original",5.07101449275362,1.1,17,0.87265010351967,0.537585421412301,0.6976966873706,0.0724969474969475,0.987179487179487
15,"Oversampling",1.11082474226804,1.1,21,0.996220542463317,0.96,0.96242774566474,0.290262172284644,0.878277153558052
15,"Undersampling",1.13978494623656,1.1,41,0.822124450031427,NA,0.785355122564425,0.10935441370224,0.579710144927536
15,"Near miss",1.09677419354839,1.1,20,0.864189189189189,0.826666666666667,0.803378378378378,0.188235294117647,0.808823529411765
15,"SMOTE",1.10089399744572,1.1,27,0.978027271379873,0.926984126984127,0.930376463613458,0.136370716510903,0.805607476635514
16,"Original",1.88410104011887,1.1,44,1,NA,NA,0.0724969474969475,0.987179487179487
16,"Oversampling",1.10165073848827,1.1,42,1,1,NA,0.214513338796322,0.831739961759082
16,"Undersampling",1.11144130757801,1.1,40,1,1,NA,0.203703703703704,0.557142857142857
16,"Near miss",1.09955423476969,1.1,40,1,1,NA,0.188235294117647,0.808823529411765
16,"SMOTE",1.10069444444444,1.1,41,1,1,NA,0.136370716510903,0.805607476635514
17,"Original",12.2933333333333,1.1,39,0.952077687443541,NA,0.758536585365854,0.0724969474969475,0.987179487179487
17,"Oversampling",1.09827278141751,1.1,23,0.999209575429088,0.981021897810219,0.976964769647696,0.142455685257242,0.776264591439689
17,"Undersampling",1.14,1.1,42,0.914285714285714,NA,0.878571428571429,0.122076023391813,0.291666666666667
17,"Near miss",1.1,1.1,22,0.956565656565657,0.878787878787879,0.877272727272727,0.188235294117647,0.808823529411765
17,"SMOTE",1.10023866348449,1.1,24,0.997330300683959,0.969521044992743,0.950421022067364,0.136370716510903,0.805607476635514
18,"Original",17.5402298850575,1.1,22,0.99159594627997,NA,0.5,0.0724969474969475,0.987179487179487
18,"Oversampling",1.1160409556314,1.1,38,0.999180890276529,NA,NA,0.12921626984127,0.81547619047619
18,"Undersampling",1.14942528735632,1.1,21,0.990566037735849,NA,0.5,0.178472222222222,0.347222222222222
18,"Near miss",1.09961685823755,1.1,41,0.984547820429408,0.933333333333333,0.5,0.209821428571429,0.861111111111111
18,"SMOTE",1.10021629416006,1.1,34,0.998069533490252,0.991023339317774,0.5,0.191890617633192,0.81980198019802
19,"Original",25.7650273224044,1.1,18,0.870439368318475,NA,0.658450603307443,0.021243361449547,0.0721649484536082
19,"Oversampling",1.11518448438978,1.1,25,1,0.994124559341951,0.994697773064687,0.15521568627451,0.576470588235294
19,"Undersampling",1.13661202185792,1.1,12,0.891891891891892,0.810126582278481,0.810481212920237,0.174025974025974,0.514285714285714
19,"Near miss",1.0983606557377,1.1,21,0.95945945945946,0.916666666666667,0.920945945945946,0.0898148148148148,0.652777777777778
19,"SMOTE",1.10009332711153,1.1,15,0.998557645959555,0.98320787492762,0.975724699478676,0.0984786184210527,0.47265625
20,"Original",28.0980392156863,1.1,21,0.968292682926829,NA,0.691289198606272,0.021243361449547,0.0721649484536082
20,"Oversampling",1.10315627405697,1.1,31,1,0.994263862332696,0.993031358885018,0.196309045706636,0.548192771084337
20,"Undersampling",1.11764705882353,1.1,21,0.880165289256198,0.88,0.818181818181818,0.131531531531532,0.540540540540541
20,"Near miss",1.09803921568627,1.1,33,0.738636363636364,0.769230769230769,0.746212121212121,0.0707762557077626,0.465753424657534
20,"SMOTE",1.10061443932412,1.1,36,0.999425954850682,0.990512333965844,0.986062717770035,0.0870909090909091,0.236
21,"Original",12.5786516853933,1.1,11,0.646159582401193,NA,0.5,0.021243361449547,0.0721649484536082
21,"Oversampling",1.09647404505387,1.1,17,1,1,1,0.176426845138501,0.478527607361963
21,"Undersampling",1.15168539325843,1.1,19,0.700542005420054,0.666666666666667,0.67310298102981,0.234848484848485,0.363636363636364
21,"Near miss",1.09550561797753,1.1,2,0.738095238095238,0.704225352112676,0.642124542124542,0.115904365904366,0.486486486486487
21,"SMOTE",1.1002457002457,1.1,11,0.99954927471706,0.981905910735826,0.977098208641833,0.102071663554726,0.50920245398773
1,"Original",129.53125,1.15,3,0.803679131483716,NA,0.5,0.021243361449547,0.0721649484536082
1,"Oversampling",1.16334549536907,1.15,36,1,0.999299229152067,0.998793727382388,0.204062064156206,0.556485355648536
1,"Undersampling",1.125,1.15,5,0.848214285714286,0.75,0.741071428571429,0.107108081791626,0.253164556962025
1,"Near miss",1.09375,1.15,2,1,0.923076923076923,0.785714285714286,0.115904365904366,0.486486486486487
1,"SMOTE",1.10005307855626,1.15,36,0.999552047303805,0.987458745874587,0.982089091391949,0.102071663554726,0.50920245398773
2,"Original",9.68286445012788,1.15,38,0.854789419191076,NA,0.608379813633479,0.021243361449547,0.0721649484536082
2,"Oversampling",1.16277641277641,1.15,14,0.996446897712741,0.955311355311355,0.950329410622076,0.194148936170213,0.570212765957447
2,"Undersampling",1.17391304347826,1.15,23,0.864887176664832,0.797687861271676,0.779168959823886,0.10390625,0.2375
2,"Near miss",1.0997442455243,1.15,19,0.848690020606417,0.802325581395349,0.780762437444804,0.115904365904366,0.486486486486487
2,"SMOTE",1.10026155187446,1.15,15,0.980278195373382,0.925739005046864,0.913262410259557,0.102071663554726,0.50920245398773
3,"Original",6.07213578500707,1.15,39,0.90961484857926,NA,0.873878896194396,0.021243361449547,0.0721649484536082
3,"Oversampling",1.16121179334596,1.15,18,0.992082245225432,0.983096686950642,0.973774502092314,0.148007246376812,0.528260869565217
3,"Undersampling",1.15983026874116,1.15,33,0.948771899690826,0.910394265232975,0.916222947440742,0.158536585365854,0.231707317073171
3,"Near miss",1.0990099009901,1.15,34,0.946394031500416,0.918149466192171,0.919084461637653,0.10625,0.1875
3,"SMOTE",1.10020502306509,1.15,21,0.992442775355999,0.971539456662354,0.970909093626198,0.118840579710145,0.467391304347826
4,"Original",4.16856600189934,1.15,22,0.767148382256098,NA,NA,0.129158964879852,0.802218114602588
4,"Oversampling",1.16668882094909,1.15,6,0.939143818251993,0.868706182281708,NA,0.150242382271468,0.826315789473684
4,"Undersampling",1.14693295292439,1.15,28,0.748489567419995,NA,NA,0.102482831484416,0.312202852614897
4,"Near miss",1.09985734664765,1.15,42,0.756893747787588,NA,NA,0.160938903863432,0.283018867924528
4,"SMOTE",1.10001253289886,1.15,16,0.933182246627764,0.858812074001948,NA,0.276534983341266,0.992801047120419
5,"Original",5.46932515337423,1.15,27,0.834712672947966,NA,NA,0.129158964879852,0.802218114602588
5,"Oversampling",1.14958091553836,1.15,15,0.984643375034901,0.938967136150235,NA,0.09365794797175,0.212407282535401
5,"Undersampling",1.17484662576687,1.15,41,0.74055944055944,NA,NA,0.166732499451393,0.772657450076805
5,"Near miss",1.09815950920245,1.15,34,0.804594017094017,0.746835443037975,NA,0.110855094726062,0.235023041474654
5,"SMOTE",1.10061728395062,1.15,18,0.953197945845006,0.912225705329154,NA,0.117804762655732,0.53083109919571
6,"Original",1.8438995215311,1.15,34,0.938251587623295,NA,NA,0.129158964879852,0.802218114602588
6,"Oversampling",1.16000376258113,1.15,16,0.97176705240723,0.920649870496821,NA,0.210034482758621,0.982068965517241
6,"Undersampling",1.16238038277512,1.15,33,0.934550055513101,0.849122807017544,NA,0.17970242970243,0.798798798798799
6,"Near miss",1.09988038277512,1.15,41,0.933156845064019,0.849788705339992,NA,0.206021989005497,0.76911544227886
6,"SMOTE",1.10008920606601,1.15,19,0.948356033812245,0.872504537205082,NA,0.14896466131034,0.777777777777778
7,"Original",42.0115384615385,1.15,21,0.971462031558189,NA,0.815018315018315,0.129158964879852,0.802218114602588
7,"Oversampling",1.16823529411765,1.15,36,0.994969001586649,0.983225108225108,0.983768437444908,0.102141349150498,0.213230119634061
7,"Undersampling",1.20384615384615,1.15,36,0.963980463980464,NA,0.902625152625152,0.151408147446387,0.420204978038067
7,"Near miss",1.1,1.15,29,0.935391363022942,0.893203883495146,0.898448043184885,0.206021989005497,0.76911544227886
7,"SMOTE",1.1,1.15,35,0.994295000903764,0.98093058733791,0.976355090025785,0.14896466131034,0.777777777777778
8,"Original",14.8375,1.15,14,0.92546052631579,NA,0.5,0.129158964879852,0.802218114602588
8,"Oversampling",1.14409638554217,1.15,24,1,0.992822966507177,NA,0.152899009065992,0.840860215053763
8,"Undersampling",1.1875,1.15,22,0.978618421052632,0.925373134328358,0.5,0.190877570540411,0.804878048780488
8,"Near miss",1.1,1.15,35,0.897569444444444,0.869565217391304,0.5,0.206021989005497,0.76911544227886
8,"SMOTE",1.10009267840593,1.15,21,0.999345463426548,0.978335233751425,0.5,0.14896466131034,0.777777777777778
9,"Original",13.4025974025974,1.15,16,0.805797101449275,NA,NA,0.129158964879852,0.802218114602588
9,"Oversampling",1.14412416851441,1.15,22,0.999519577227961,0.994505494505495,NA,0.112973760932944,0.260932944606414
9,"Undersampling",1.22077922077922,1.15,4,0.883223684210526,0.82051282051282,NA,0.143110585452395,0.221910112359551
9,"Near miss",1.09090909090909,1.15,22,0.803308823529412,0.8125,NA,0.150193410697612,0.785714285714286
9,"SMOTE",1.1002132196162,1.15,19,0.997533148319457,0.98421052631579,NA,0.120545454545455,0.48
10,"Original",8.76875,1.15,21,0.902455357142858,NA,NA,0.110902255639098,0.695238095238095
10,"Oversampling",1.15663643858203,1.15,21,0.998794826572604,0.966202783300199,NA,0.178597122302158,0.248201438848921
10,"Undersampling",1.1875,1.15,27,0.826480263157895,NA,NA,0.137783221065524,0.676056338028169
10,"Near miss",1.1,1.15,10,0.897569444444444,0.794117647058823,NA,0.173235855054037,0.531468531468531
10,"SMOTE",1.10039215686275,1.15,24,0.986694677871148,0.943025540275049,NA,0.158193277310924,0.25
11,"Original",7.19101123595506,1.15,22,0.934933035714286,NA,NA,0.110902255639098,0.695238095238095
11,"Oversampling",1.15523465703971,1.15,24,0.997483811936937,0.96943231441048,NA,0.162778904665314,0.74264705882353
11,"Undersampling",1.20224719101124,1.15,13,0.9328165374677,0.921052631578947,NA,0.109375,0.317567567567568
11,"Near miss",1.09550561797753,1.15,26,0.96043956043956,0.931506849315068,NA,0.182585034013605,0.91156462585034
11,"SMOTE",1.1006018916595,1.15,23,0.993562231759657,0.966386554621849,NA,0.178266178266178,0.355311355311355
12,"Original",2.40731399747793,1.15,24,0.956678685501664,NA,0.5,0.110902255639098,0.695238095238095
12,"Oversampling",1.16366961292289,1.15,14,0.979458031509241,0.93560325684678,0.5,0.16687552213868,0.281954887218045
12,"Undersampling",1.14880201765448,1.15,17,0.949207374859998,0.877138413685848,0.5,0.227953990937609,0.71523178807947
12,"Near miss",1.09962168978562,1.15,24,0.950852390477735,0.885844748858447,0.5,0.255439924314097,0.788079470198676
12,"SMOTE",1.10028818443804,1.15,21,0.97307795313608,0.918994413407821,0.5,0.106497313141182,0.280898876404494
13,"Original",1.96348314606742,1.15,38,0.946020408163265,NA,0.5,0.110902255639098,0.695238095238095
13,"Oversampling",1.1592039800995,1.15,17,0.973258559622196,0.900826446280992,0.5,0.161370295244535,0.708812260536398
13,"Undersampling",1.17415730337079,1.15,19,0.943121693121693,0.847222222222222,0.5,0.184547908232119,0.615384615384615
13,"Near miss",1.09831460674157,1.15,21,0.949191279887482,0.881118881118881,0.5,0.255439924314097,0.788079470198676
13,"SMOTE",1.1007874015748,1.15,23,0.960573678290213,0.893280632411067,0.5,0.106497313141182,0.280898876404494
14,"Original",1.53778268063982,1.15,40,0.984418969756213,NA,0.941371189904914,0.110902255639098,0.695238095238095
14,"Oversampling",1.14874330449114,1.15,31,0.994581249907813,NA,0.966912252754547,0.107254901960784,0.219607843137255
14,"Undersampling",1.146166574738,1.15,39,0.986727018571524,0.954230235783634,0.957065832390335,0.189386562804284,0.943037974683544
14,"Near miss",1.09983452840596,1.15,25,0.984920980136288,0.951856946354883,0.954027631061124,0.255439924314097,0.788079470198676
14,"SMOTE",1.10023677979479,1.15,31,0.990710695425332,0.958984375,0.960923416258404,0.106497313141182,0.280898876404494
15,"Original",5.07101449275362,1.15,17,0.87265010351967,0.537585421412301,0.6976966873706,0.110902255639098,0.695238095238095
15,"Oversampling",1.16644113667118,1.15,15,0.99293079206374,0.941558441558441,0.937841743477582,0.134643838511943,0.72289156626506
15,"Undersampling",1.20430107526882,1.15,20,0.812912912912913,0.714285714285714,0.748948948948949,0.119793348401679,0.269938650306748
15,"Near miss",1.09677419354839,1.15,20,0.864189189189189,0.826666666666667,0.803378378378378,0.128242601388381,0.428571428571429
15,"SMOTE",1.10089399744572,1.15,27,0.978027271379873,0.926984126984127,0.930376463613458,0.149891774891775,0.555555555555556
16,"Original",1.88410104011887,1.15,44,1,NA,NA,0.102741585233442,0.614549402823019
16,"Oversampling",1.15272727272727,1.15,39,1,1,NA,0.12048347691912,0.793879387938794
16,"Undersampling",1.16641901931649,1.15,36,1,NA,NA,0.106830870279146,0.216551724137931
16,"Near miss",1.09955423476969,1.15,40,1,1,NA,0.100515645970191,0.497245179063361
16,"SMOTE",1.10069444444444,1.15,41,1,1,NA,0.089336917562724,0.497311827956989
17,"Original",12.2933333333333,1.15,39,0.952077687443541,NA,0.758536585365854,0.102741585233442,0.614549402823019
17,"Oversampling",1.14747977598009,1.15,28,0.999527222686557,NA,0.978319783197832,0.119022612796056,0.773271889400922
17,"Undersampling",1.18666666666667,1.15,27,0.919444444444445,NA,0.866666666666667,0.064790760274187,0.234185733512786
17,"Near miss",1.1,1.15,22,0.956565656565657,0.878787878787879,0.877272727272727,0.0780184952025355,0.271870794078062
17,"SMOTE",1.10023866348449,1.15,24,0.997330300683959,0.969521044992743,0.950421022067364,0.0635400568881722,0.20752984389348
18,"Original",17.5402298850575,1.15,22,0.99159594627997,NA,0.5,0.102741585233442,0.614549402823019
18,"Oversampling",1.16429298067141,1.15,36,0.999481891878395,NA,NA,0.0871911670050008,0.527751646284102
18,"Undersampling",1.20689655172414,1.15,22,0.980533093740641,0.946428571428572,NA,0.137903225806452,0.83421052631579
18,"Near miss",1.09961685823755,1.15,41,0.984547820429408,0.933333333333333,0.5,0.122782152230971,0.770341207349081
18,"SMOTE",1.10021629416006,1.15,34,0.998069533490252,0.991023339317774,0.5,0.0821141905194609,0.835680751173709
19,"Original",25.7650273224044,1.15,18,0.870439368318475,NA,0.658450603307443,0.102741585233442,0.614549402823019
19,"Oversampling",1.16592482690406,1.15,37,1,0.993239090350338,0.994167550371156,0.0927882832777158,0.481800766283525
19,"Undersampling",1.19672131147541,1.15,13,0.921433060967945,0.873239436619718,0.874292897548712,0.140811140811141,0.782496782496782
19,"Near miss",1.0983606557377,1.15,21,0.95945945945946,0.916666666666667,0.920945945945946,0.122782152230971,0.770341207349081
19,"SMOTE",1.10009332711153,1.15,15,0.998557645959555,0.98320787492762,0.975724699478676,0.0821141905194609,0.835680751173709
20,"Original",28.0980392156863,1.15,21,0.968292682926829,NA,0.691289198606272,0.102741585233442,0.614549402823019
20,"Oversampling",1.15938511326861,1.15,38,1,NA,0.993031358885018,0.0850281425891182,0.538536585365854
20,"Undersampling",1.17647058823529,1.15,26,0.966666666666667,0.869565217391304,0.875,0.11476300421024,0.82537688442211
20,"Near miss",1.09803921568627,1.15,33,0.738636363636364,0.769230769230769,0.746212121212121,0.122782152230971,0.770341207349081
20,"SMOTE",1.10061443932412,1.15,36,0.999425954850682,0.990512333965844,0.986062717770035,0.0821141905194609,0.835680751173709
21,"Original",12.5786516853933,1.15,11,0.646159582401193,NA,0.5,0.102741585233442,0.614549402823019
21,"Oversampling",1.14176440591535,1.15,21,0.998070256331433,0.998726114649682,0.998727735368957,0.0986150329433911,0.54228855721393
21,"Undersampling",1.20224719101124,1.15,14,0.660852713178295,0.579710144927536,0.643087855297158,0.128912931068772,0.808877928483354
21,"Near miss",1.09550561797753,1.15,2,0.738095238095238,0.704225352112676,0.642124542124542,0.0837254901960784,0.420343137254902
21,"SMOTE",1.1002457002457,1.15,11,0.99954927471706,0.981905910735826,0.977098208641833,0.0782109656611649,0.547808764940239
1,"Original",129.53125,1.2,3,0.803679131483716,NA,0.5,0.051944405447143,0.0978520286396181
1,"Oversampling",1.21234279028956,1.2,35,1,NA,0.998793727382388,0.139779721412374,0.443148688046647
1,"Undersampling",1.1875,1.2,2,0.948979591836735,0.923076923076923,0.785714285714286,0.183300717547293,0.684931506849315
1,"Near miss",1.09375,1.2,2,1,0.923076923076923,0.785714285714286,0.154440154440154,0.337837837837838
1,"SMOTE",1.10005307855626,1.2,36,0.999552047303805,0.987458745874587,0.982089091391949,0.211329479768786,0.734104046242775
2,"Original",9.68286445012788,1.2,38,0.854789419191076,NA,0.608379813633479,0.051944405447143,0.0978520286396181
2,"Oversampling",1.20804084237396,1.2,15,0.997733900594615,0.948484848484848,0.948105902799695,0.279719051799824,0.686567164179104
2,"Undersampling",1.21739130434783,1.2,30,0.864912974683544,0.807017543859649,0.818763185654009,0.145021645021645,0.298701298701299
2,"Near miss",1.0997442455243,1.2,19,0.848690020606417,0.802325581395349,0.780762437444804,0.212550607287449,0.578947368421053
2,"SMOTE",1.10026155187446,1.2,15,0.980278195373382,0.925739005046864,0.913262410259557,0.11557082617523,0.338278931750742
3,"Original",6.07213578500707,1.2,39,0.90961484857926,NA,0.873878896194396,0.051944405447143,0.0978520286396181
3,"Oversampling",1.21031857908091,1.2,22,0.997115053534244,NA,0.979570086409025,0.195252569112751,0.364741641337386
3,"Undersampling",1.20933521923621,1.2,21,0.924388435878429,NA,0.885656041512231,0.184146341463415,0.65
3,"Near miss",1.0990099009901,1.2,34,0.946394031500416,0.918149466192171,0.919084461637653,0.148051948051948,0.311688311688312
3,"SMOTE",1.10020502306509,1.2,21,0.992442775355999,0.971539456662354,0.970909093626198,0.10064167510976,0.240121580547112
4,"Original",4.16856600189934,1.2,22,0.767148382256098,NA,NA,0.051944405447143,0.0978520286396181
4,"Oversampling",1.21750589540852,1.2,7,0.948567266104084,0.869274490137078,NA,0.26417445482866,0.632398753894081
4,"Undersampling",1.19400855920114,1.2,38,0.744047619047619,NA,NA,0.222560975609756,0.585365853658537
4,"Near miss",1.09985734664765,1.2,42,0.756893747787588,NA,NA,0.148051948051948,0.311688311688312
4,"SMOTE",1.10001253289886,1.2,16,0.933182246627764,0.858812074001948,NA,0.10064167510976,0.240121580547112
5,"Original",5.46932515337423,1.2,27,0.834712672947966,NA,NA,0.051944405447143,0.0978520286396181
5,"Oversampling",1.19104876419506,1.2,11,0.98133835473989,0.9185667752443,NA,0.120082427875609,0.369426751592357
5,"Undersampling",1.2239263803681,1.2,39,0.81875,NA,NA,0.219461697722567,0.714285714285714
5,"Near miss",1.09815950920245,1.2,34,0.804594017094017,0.746835443037975,NA,0.148051948051948,0.311688311688312
5,"SMOTE",1.10061728395062,1.2,18,0.953197945845006,0.912225705329154,NA,0.10064167510976,0.240121580547112
6,"Original",1.8438995215311,1.2,34,0.938251587623295,NA,NA,0.051944405447143,0.0978520286396181
6,"Oversampling",1.21091908876669,1.2,20,0.969796403343974,0.91899852724595,NA,0.16468253968254,0.688311688311688
6,"Undersampling",1.21127392344498,1.2,33,0.92896316437632,0.842146189735614,NA,0.275397796817625,0.558139534883721
6,"Near miss",1.09988038277512,1.2,41,0.933156845064019,0.849788705339992,NA,0.200793650793651,0.333333333333333
6,"SMOTE",1.10008920606601,1.2,19,0.948356033812245,0.872504537205082,NA,0.242095391211147,0.80064308681672
7,"Original",42.0115384615385,1.2,21,0.971462031558189,NA,0.815018315018315,0.0532450796626055,0.40979381443299
7,"Oversampling",1.21799732381802,1.2,35,0.996000353232795,NA,0.987298932951107,0.0722425722425723,0.503968253968254
7,"Undersampling",1.23846153846154,1.2,28,0.929142011834319,NA,0.878846153846154,0.0461087420042644,0.402985074626866
7,"Near miss",1.1,1.2,29,0.935391363022942,0.893203883495146,0.898448043184885,0.0463387222270251,0.486988847583643
7,"SMOTE",1.1,1.2,35,0.994295000903764,0.98093058733791,0.976355090025785,0.106454087223318,0.500986193293886
8,"Original",14.8375,1.2,14,0.92546052631579,NA,0.5,0.0532450796626055,0.40979381443299
8,"Oversampling",1.1929648241206,1.2,38,1,0.992518703241895,NA,0.0269223676931588,0.415821501014199
8,"Undersampling",1.23125,1.2,16,0.903125,0.782608695652174,0.5,0.102505196368012,0.490974729241877
8,"Near miss",1.1,1.2,35,0.897569444444444,0.869565217391304,0.5,0.0457867394558423,0.288808664259928
8,"SMOTE",1.10009267840593,1.2,21,0.999345463426548,0.978335233751425,0.5,0.0590785907859079,0.488888888888889
9,"Original",13.4025974025974,1.2,16,0.805797101449275,NA,NA,0.0532450796626055,0.40979381443299
9,"Oversampling",1.19582850521437,1.2,23,0.99991622685767,NA,NA,0.0501330967169476,0.476190476190476
9,"Undersampling",1.25974025974026,1.2,6,0.8515625,0.833333333333333,NA,0.05,0.473684210526316
9,"Near miss",1.09090909090909,1.2,22,0.803308823529412,0.8125,NA,0.0643992932862191,0.484098939929329
9,"SMOTE",1.1002132196162,1.2,19,0.997533148319457,0.98421052631579,NA,0.0756956016765137,0.472049689440994
10,"Original",8.76875,1.2,21,0.902455357142858,NA,NA,0.0532450796626055,0.40979381443299
10,"Oversampling",1.20119863013699,1.2,18,0.998962148962149,0.966942148760331,NA,0.0710684664173036,0.465116279069767
10,"Undersampling",1.23125,1.2,19,0.82578125,0.771428571428571,NA,0.0839060710194731,0.481099656357388
10,"Near miss",1.1,1.2,10,0.897569444444444,0.794117647058823,NA,0.0643992932862191,0.484098939929329
10,"SMOTE",1.10039215686275,1.2,24,0.986694677871148,0.943025540275049,NA,0.0756956016765137,0.472049689440994
11,"Original",7.19101123595506,1.2,22,0.934933035714286,NA,NA,0.0532450796626055,0.40979381443299
11,"Oversampling",1.19850187265918,1.2,24,0.996331045560748,NA,NA,0.0686160298229263,0.396551724137931
11,"Undersampling",1.24719101123595,1.2,16,0.906565656565656,0.837837837837838,NA,0.0761942360836952,0.456375838926175
11,"Near miss",1.09550561797753,1.2,26,0.96043956043956,0.931506849315068,NA,0.0643992932862191,0.484098939929329
11,"SMOTE",1.1006018916595,1.2,23,0.993562231759657,0.966386554621849,NA,0.0756956016765137,0.472049689440994
12,"Original",2.40731399747793,1.2,24,0.956678685501664,NA,0.5,0.0532450796626055,0.40979381443299
12,"Oversampling",1.21129441624365,1.2,17,0.97513089005235,0.927018633540373,0.5,0.112781954887218,0.441758241758242
12,"Undersampling",1.19735182849937,1.2,24,0.952843267474681,0.884080370942813,0.5,0.0597861842105263,0.444078947368421
12,"Near miss",1.09962168978562,1.2,24,0.950852390477735,0.885844748858447,0.5,0.0891957616814313,0.438943894389439
12,"SMOTE",1.10028818443804,1.2,21,0.97307795313608,0.918994413407821,0.5,0.0768652400231347,0.43956043956044
13,"Original",1.96348314606742,1.2,38,0.946020408163265,NA,0.5,0.0265407107512371,0.167919799498747
13,"Oversampling",1.21565217391304,1.2,20,0.975527950310558,0.936170212765957,0.5,0.130393487109905,0.921302578018996
13,"Undersampling",1.21629213483146,1.2,26,0.943823862716529,0.857142857142857,0.5,0.0766101694915254,0.661016949152542
13,"Near miss",1.09831460674157,1.2,21,0.949191279887482,0.881118881118881,0.5,0.0957364341085271,0.566666666666667
13,"SMOTE",1.1007874015748,1.2,23,0.960573678290213,0.893280632411067,0.5,0.0685775667118952,0.139755766621438
14,"Original",1.53778268063982,1.2,40,0.984418969756213,NA,0.941371189904914,0.0265407107512371,0.167919799498747
14,"Oversampling",1.19400428265525,1.2,39,0.988759948730937,0.956429330499469,0.956709109468659,0.089,0.136111111111111
14,"Undersampling",1.19194704908991,1.2,37,0.984317243397655,0.940700808625337,0.946074221110963,0.14722911497105,0.451612903225806
14,"Near miss",1.09983452840596,1.2,25,0.984920980136288,0.951856946354883,0.954027631061124,0.0655567117585848,0.209677419354839
14,"SMOTE",1.10023677979479,1.2,31,0.990710695425332,0.958984375,0.960923416258404,0.0641331484049929,0.213592233009709
15,"Original",5.07101449275362,1.2,17,0.87265010351967,0.537585421412301,0.6976966873706,0.0265407107512371,0.167919799498747
15,"Oversampling",1.21751412429379,1.2,17,0.995613495674989,0.946308724832215,0.944430779321937,0.0781375269811904,0.109219858156028
15,"Undersampling",1.24731182795699,1.2,23,0.856979405034324,0.777777777777778,0.781464530892448,0.123809523809524,0.6
15,"Near miss",1.09677419354839,1.2,20,0.864189189189189,0.826666666666667,0.803378378378378,0.104617604617605,0.634920634920635
15,"SMOTE",1.10089399744572,1.2,27,0.978027271379873,0.926984126984127,0.930376463613458,0.0715721040189126,0.136170212765957
16,"Original",1.88410104011887,1.2,44,1,NA,NA,0.0265407107512371,0.167919799498747
16,"Oversampling",1.1996215704825,1.2,37,1,1,NA,0.0612836438923395,0.228985507246377
16,"Undersampling",1.20950965824666,1.2,34,1,1,NA,0.0802469135802469,0.545454545454545
16,"Near miss",1.09955423476969,1.2,40,1,1,NA,0.104617604617605,0.634920634920635
16,"SMOTE",1.10069444444444,1.2,41,1,1,NA,0.0715721040189126,0.136170212765957
17,"Original",12.2933333333333,1.2,39,0.952077687443541,NA,0.758536585365854,0.0265407107512371,0.167919799498747
17,"Oversampling",1.19044544867657,1.2,20,0.999815823400952,0.974763406940063,0.971544715447154,0.073377581120944,0.156342182890855
17,"Undersampling",1.23333333333333,1.2,32,0.966666666666667,NA,0.936486486486487,0.0541044776119403,0.17910447761194
17,"Near miss",1.1,1.2,22,0.956565656565657,0.878787878787879,0.877272727272727,0.104617604617605,0.634920634920635
17,"SMOTE",1.10023866348449,1.2,24,0.997330300683959,0.969521044992743,0.950421022067364,0.0715721040189126,0.136170212765957
18,"Original",17.5402298850575,1.2,22,0.99159594627997,NA,0.5,0.0265407107512371,0.167919799498747
18,"Oversampling",1.21367974549311,1.2,37,0.998916972729113,0.994075049374589,NA,0.13828320802005,0.851127819548872
18,"Undersampling",1.23754789272031,1.2,27,0.993491124260355,NA,0.5,0.0921945701357466,0.411764705882353
18,"Near miss",1.09961685823755,1.2,41,0.984547820429408,0.933333333333333,0.5,0.111111111111111,0.477611940298507
18,"SMOTE",1.10021629416006,1.2,34,0.998069533490252,0.991023339317774,0.5,0.0917516218721038,0.15210843373494
19,"Original",25.7650273224044,1.2,18,0.870439368318475,NA,0.658450603307443,0.0222347312130595,0.0526315789473684
19,"Oversampling",1.21426731908318,1.2,19,1,0.994234465086483,0.995227995758218,0.0808140742279052,0.50384193194292
19,"Undersampling",1.24590163934426,1.2,17,0.918625146886016,0.849315068493151,0.851057579318449,0.0883061279100883,0.435643564356436
19,"Near miss",1.0983606557377,1.2,21,0.95945945945946,0.916666666666667,0.920945945945946,0.172342383801197,0.311320754716981
19,"SMOTE",1.10009332711153,1.2,15,0.998557645959555,0.98320787492762,0.975724699478676,0.20107805676856,0.358624454148472
20,"Original",28.0980392156863,1.2,21,0.968292682926829,NA,0.691289198606272,0.0222347312130595,0.0526315789473684
20,"Oversampling",1.2031905961377,1.2,34,1,NA,0.993031358885018,0.072372119168072,0.666666666666667
20,"Undersampling",1.2156862745098,1.2,16,0.937062937062937,0.846153846153846,0.839160839160839,0.152861952861953,0.445454545454545
20,"Near miss",1.09803921568627,1.2,33,0.738636363636364,0.769230769230769,0.746212121212121,0.0822649572649573,0.527777777777778
20,"SMOTE",1.10061443932412,1.2,36,0.999425954850682,0.990512333965844,0.986062717770035,0.0660959100556412,0.489373601789709
21,"Original",12.5786516853933,1.2,11,0.646159582401193,NA,0.5,0.0222347312130595,0.0526315789473684
21,"Oversampling",1.18653948065713,1.2,22,0.999928979794752,0.997347480106101,0.997354497354497,0.0925067418113505,0.659182498560737
21,"Undersampling",1.24719101123595,1.2,5,0.571022727272727,0.450704225352113,0.473484848484849,0.134007585335019,0.663716814159292
21,"Near miss",1.09550561797753,1.2,2,0.738095238095238,0.704225352112676,0.642124542124542,0.0960228521204131,0.432432432432432
21,"SMOTE",1.1002457002457,1.2,11,0.99954927471706,0.981905910735826,0.977098208641833,0.133925268220496,0.649514008004574
1,"Original",129.53125,1.25,3,0.803679131483716,NA,0.5,0.0222347312130595,0.0526315789473684
1,"Oversampling",1.26102829327654,1.25,38,1,NA,0.998793727382388,0.236967443074313,0.541984732824427
1,"Undersampling",1.21875,1.25,22,0.848214285714286,0.875,0.803571428571429,0.173197492163009,0.663793103448276
1,"Near miss",1.25,1.25,20,0.975,0.909090909090909,0.9375,0.0960228521204131,0.432432432432432
1,"SMOTE",1.25,1.25,23,0.999450536454723,0.984363365599404,0.982508137336776,0.133925268220496,0.649514008004574
2,"Original",9.68286445012788,1.25,38,0.854789419191076,NA,0.608379813633479,0.0222347312130595,0.0526315789473684
2,"Oversampling",1.25613802256138,1.25,15,0.998275990321042,0.953359683794466,0.951677408909717,0.0797547996829864,0.456014362657092
2,"Undersampling",1.27109974424552,1.25,29,0.872051282051282,NA,0.810897435897436,0.146565368787591,0.735042735042735
2,"Near miss",1.24808184143223,1.25,43,0.837388801674516,NA,0.796964939822083,0.0960228521204131,0.432432432432432
2,"SMOTE",1.25033025099075,1.25,18,0.980039098896689,0.916393442622951,0.917352421257957,0.133925268220496,0.649514008004574
3,"Original",6.07213578500707,1.25,39,0.90961484857926,NA,0.873878896194396,0.0222347312130595,0.0526315789473684
3,"Oversampling",1.26005283240387,1.25,21,0.999215356448693,0.986181818181818,0.984991768935295,0.276991786126987,0.549939098660171
3,"Undersampling",1.27722772277228,1.25,35,0.912613804373203,NA,0.881098747179208,0.149382716049383,0.608333333333333
3,"Near miss",1.24893917963225,1.25,37,0.904849551856594,NA,0.883562740076825,0.117378917378917,0.376068376068376
3,"SMOTE",1.25014560279557,1.25,39,0.98835177832794,NA,0.961138421338918,0.0690861594439524,0.459066100667071
4,"Original",4.16856600189934,1.25,22,0.767148382256098,NA,NA,0.0205215419501134,0.026530612244898
4,"Oversampling",1.27018813314038,1.25,5,0.942554409277764,0.871383757406762,NA,0.119336936936937,0.667733333333333
4,"Undersampling",1.24298621017594,1.25,40,0.737046002643257,0.647412755716005,NA,0.175213675213675,0.458333333333333
4,"Near miss",1.24964336661912,1.25,36,0.755844361497568,0.652278177458034,NA,0.216803760282021,0.783783783783784
4,"SMOTE",1.25010682238997,1.25,17,0.922055139876293,0.836191171105436,NA,0.110059081957279,0.296924708377519
5,"Original",5.46932515337423,1.25,27,0.834712672947966,NA,NA,0.0205215419501134,0.026530612244898
5,"Oversampling",1.24598183088749,1.25,14,0.963229194116671,0.902229845626072,NA,0.14362611383888,0.704855428259684
5,"Undersampling",1.2638036809816,1.25,35,0.783771106941839,0.733812949640288,NA,0.117402597402597,0.285714285714286
5,"Near miss",1.24846625766871,1.25,37,0.778611632270169,0.738461538461539,NA,0.180589680589681,0.337837837837838
5,"SMOTE",1.25035063113604,1.25,20,0.965607921490275,0.896797153024911,NA,0.224458051454249,0.596958174904943
6,"Original",1.8438995215311,1.25,34,0.938251587623295,NA,NA,0.0205215419501134,0.026530612244898
6,"Oversampling",1.26430182489235,1.25,21,0.969911182296213,0.915463917525773,NA,0.145131358300727,0.691447736165456
6,"Undersampling",1.26420454545455,1.25,34,0.926097143145066,0.838337182448037,NA,0.152777777777778,0.320512820512821
6,"Near miss",1.25,1.25,33,0.930920381629944,NA,NA,0.146567717996289,0.25974025974026
6,"SMOTE",1.2500760263558,1.25,36,0.952896120324006,0.877311799947903,NA,0.133851563945956,0.30094392004442
7,"Original",42.0115384615385,1.25,21,0.971462031558189,NA,0.815018315018315,0.0205215419501134,0.026530612244898
7,"Oversampling",1.26555439694126,1.25,32,0.994813572839051,NA,0.983174071151778,0.125163998950407,0.696744717304397
7,"Undersampling",1.28076923076923,1.25,32,0.960103329506315,NA,0.929535017221584,0.128846153846154,0.3125
7,"Near miss",1.25,1.25,27,0.980769230769231,NA,0.944230769230769,0.146567717996289,0.25974025974026
7,"SMOTE",1.25005722133211,1.25,39,0.994699855826858,0.979461961238068,0.979345311439133,0.133851563945956,0.30094392004442
8,"Original",14.8375,1.25,14,0.92546052631579,NA,0.5,0.0205215419501134,0.026530612244898
8,"Oversampling",1.23839332290037,1.25,34,1,0.992248062015504,NA,0.146290683077677,0.559045956951716
8,"Undersampling",1.275,1.25,23,0.925,0.870967741935484,0.5,0.123316796598157,0.216867469879518
8,"Near miss",1.25,1.25,23,0.9234375,NA,0.5,0.146567717996289,0.25974025974026
8,"SMOTE",1.25013164823591,1.25,26,0.996919667590027,0.97522816166884,NA,0.133851563945956,0.30094392004442
9,"Original",13.4025974025974,1.25,16,0.805797101449275,NA,NA,0.0205215419501134,0.026530612244898
9,"Oversampling",1.25242718446602,1.25,23,0.999648660518226,NA,NA,0.166094335898954,0.710479573712256
9,"Undersampling",1.31168831168831,1.25,9,0.857142857142857,0.785714285714286,NA,0.141604010025063,0.25
9,"Near miss",1.24675324675325,1.25,11,0.903125,0.88235294117647,NA,0.16982214572576,0.759036144578313
9,"SMOTE",1.25090909090909,1.25,15,0.996779388083736,0.978978978978979,NA,0.129382734236888,0.397171479080731
10,"Original",8.76875,1.25,21,0.902455357142858,NA,NA,0.0575597242263909,0.96969696969697
10,"Oversampling",1.25491949910555,1.25,16,0.995926339285714,0.96137339055794,NA,0.0642433044295417,0.36077057793345
10,"Undersampling",1.275,1.25,20,0.815625,0.742857142857143,NA,0.059375,0.2
10,"Near miss",1.25,1.25,28,0.862890625,0.805970149253731,NA,0.0416666666666667,0.238095238095238
10,"SMOTE",1.25044563279857,1.25,21,0.985809523809523,0.942477876106195,NA,0.0734126984126984,0.47212543554007
11,"Original",7.19101123595506,1.25,22,0.934933035714286,NA,NA,0.0575597242263909,0.96969696969697
11,"Oversampling",1.25613346418057,1.25,24,0.993585324754902,0.961722488038278,NA,0.0896871827104385,0.493738819320215
11,"Undersampling",1.29213483146067,1.25,22,0.894323671497585,0.814814814814815,NA,0.0803030303030303,0.590909090909091
11,"Near miss",1.24719101123595,1.25,14,0.937184343434343,0.864864864864865,NA,0.228571428571429,0.571428571428571
11,"SMOTE",1.25,1.25,27,0.990062040441177,NA,NA,0.095,0.492857142857143
12,"Original",2.40731399747793,1.25,24,0.956678685501664,NA,0.5,0.0575597242263909,0.96969696969697
12,"Oversampling",1.25633432050016,1.25,17,0.98358277073574,0.927258193445244,0.5,0.12761691336911,0.517367458866545
12,"Undersampling",1.2452711223203,1.25,19,0.941724234316975,0.85972850678733,0.5,0.106060606060606,0.272727272727273
12,"Near miss",1.24968474148802,1.25,21,0.944063274251954,NA,0.5,0.193675889328063,0.434782608695652
12,"SMOTE",1.25016371971185,1.25,20,0.971302730910619,0.910685805422648,0.5,0.102747364152474,0.5
13,"Original",1.96348314606742,1.25,38,0.946020408163265,NA,0.5,0.0575597242263909,0.96969696969697
13,"Oversampling",1.28729281767956,1.25,19,0.978964613368282,0.923766816143498,0.5,0.102656173143138,0.471028037383178
13,"Undersampling",1.2752808988764,1.25,19,0.939484126984127,0.82962962962963,0.5,0.0839160839160839,0.181818181818182
13,"Near miss",1.25,1.25,17,0.922596754057428,0.830985915492958,0.5,0.193675889328063,0.434782608695652
13,"SMOTE",1.25044722719141,1.25,22,0.957461734693877,0.877358490566038,NA,0.102747364152474,0.5
14,"Original",1.53778268063982,1.25,40,0.984418969756213,NA,0.941371189904914,0.0575597242263909,0.96969696969697
14,"Oversampling",1.24742729306488,1.25,37,0.993260526168081,0.967177242888403,0.971109667797263,0.108197271303959,0.522813688212928
14,"Undersampling",1.23827909542195,1.25,31,0.989362487541375,NA,0.948187500769051,0.140625,0.458333333333333
14,"Near miss",1.24986210700496,1.25,25,0.985691946357727,NA,0.950610898824446,0.193675889328063,0.434782608695652
14,"SMOTE",1.25022421524664,1.25,42,0.988676728225405,0.954393770856507,0.955177041644567,0.102747364152474,0.5
15,"Original",5.07101449275362,1.25,17,0.87265010351967,0.537585421412301,0.6976966873706,0.0575597242263909,0.96969696969697
15,"Oversampling",1.27703703703704,1.25,18,0.975850995504175,0.918518518518519,0.918796831513595,0.109546925566343,0.549514563106796
15,"Undersampling",1.3010752688172,1.25,19,0.889802631578947,0.805194805194805,0.824561403508772,0.0486111111111111,0.416666666666667
15,"Near miss",1.24731182795699,1.25,15,0.876430205949657,0.753246753246753,0.762013729977117,0.170138888888889,0.541666666666667
15,"SMOTE",1.2510885341074,1.25,24,0.968794504481862,0.896057347670251,0.895786210940772,0.0881317264295988,0.462282398452611
16,"Original",1.88410104011887,1.25,44,1,NA,NA,0,0
16,"Oversampling",1.2542037586548,1.25,38,1,NA,NA,0.188216243148978,0.455156950672646
16,"Undersampling",1.26597325408618,1.25,40,1,NA,NA,0,0
16,"Near miss",1.24962852897474,1.25,38,1,NA,NA,0.177083333333333,0.402777777777778
16,"SMOTE",1.25049309664694,1.25,38,1,NA,NA,0.133429210610419,0.376957494407159
17,"Original",12.2933333333333,1.25,39,0.952077687443541,NA,0.758536585365854,0,0
17,"Oversampling",1.24594594594595,1.25,24,0.999816890060792,NA,0.971544715447154,0.164534041525833,0.528669724770642
17,"Undersampling",1.27333333333333,1.25,26,0.880701754385965,NA,0.828070175438597,0.189189189189189,0.405405405405405
17,"Near miss",1.24666666666667,1.25,27,0.879279279279279,0.84375,0.852252252252252,0.272450532724505,0.397260273972603
17,"SMOTE",1.25016949152542,1.25,26,0.993900142391254,0.955665024630542,0.962055027329934,0.154567583046964,0.380297823596793
18,"Original",17.5402298850575,1.25,22,0.99159594627997,NA,0.5,0,0
18,"Oversampling",1.26011560693642,1.25,39,0.99972406678937,NA,NA,0.189473684210526,0.525146198830409
18,"Undersampling",1.28352490421456,1.25,27,0.998591945930724,NA,0.5,0.291866028708134,0.532467532467532
18,"Near miss",1.24904214559387,1.25,30,0.987278106508876,0.942307692307692,0.5,0.310810810810811,0.621621621621622
18,"SMOTE",1.25013653741125,1.25,39,0.998132338836033,0.990514905149051,0.5,0.276878858846072,0.375878220140515
19,"Original",25.7650273224044,1.25,18,0.870439368318475,NA,0.658450603307443,0,0
19,"Oversampling",1.26339764201501,1.25,30,1,0.992021276595745,0.993637327677625,0.198922902494331,0.564285714285714
19,"Undersampling",1.2896174863388,1.25,19,0.900517538815411,0.818181818181818,0.843588269120184,0.253164556962025,0.40506329113924
19,"Near miss",1.24590163934426,1.25,21,0.88924794359577,0.828571428571429,0.832256169212691,0.310810810810811,0.621621621621622
19,"SMOTE",1.25,1.25,16,0.998873452579526,0.98090849242923,0.979051281113665,0.276878858846072,0.375878220140515
20,"Original",28.0980392156863,1.25,21,0.968292682926829,NA,0.691289198606272,0,0
20,"Oversampling",1.25922671353251,1.25,36,1,0.995633187772926,0.993031358885018,0.17129476584022,0.461818181818182
20,"Undersampling",1.25490196078431,1.25,24,0.937062937062937,NA,0.870629370629371,0.17,0.225
20,"Near miss",1.23529411764706,1.25,24,0.951048951048951,0.909090909090909,0.877622377622378,0.310810810810811,0.621621621621622
20,"SMOTE",1.25043630017452,1.25,39,0.999636418724436,NA,0.991289198606272,0.276878858846072,0.375878220140515
21,"Original",12.5786516853933,1.25,11,0.646159582401193,NA,0.5,0,0
21,"Oversampling",1.23633351739371,1.25,17,0.99724517906336,0.991666666666667,0.991735537190083,0.205737109658678,0.477777777777778
21,"Undersampling",1.29213483146067,1.25,7,0.639492753623188,0.575,0.594806763285024,0.343205574912892,0.463414634146341
21,"Near miss",1.24719101123595,1.25,7,0.577020202020202,0.563380281690141,0.607323232323232,0.189285714285714,0.3625
21,"SMOTE",1.250139586823,1.25,13,0.999316952731876,0.984827586206897,0.973116763483917,0.116819747416762,0.42910447761194
