"","data_id","imbalanced_ratio","balancing_method","resampling_ratio","rashomon_set_size","ambiguity","discrepancy"
"1",1,129.53125,"Original",1,3,0,0
"2",1,1.01221001221001,"Oversampling",1,38,0.0811509964230963,0.451456310679612
"3",1,1.06666666666667,"Undersampling",1,8,0.182692307692308,0.461538461538462
"4",1,1,"Near miss",1,9,0.222222222222222,0.571428571428571
"5",1,1,"SMOTE",1,34,0.138260129142127,0.762364294330519
"6",1,129.53125,"Original",1.05,3,0,0
"7",1,1.06118791602663,"Oversampling",1.05,36,0.102886405959032,0.733705772811918
"8",1,1.09375,"Undersampling",1.05,1,0,0
"9",1,1.03125,"Near miss",1.05,2,0.392857142857143,0.785714285714286
"10",1,1.05016468203699,"SMOTE",1.05,31,0.123449898321305,0.604449938195303
"11",1,129.53125,"Original",1.1,3,0,0
"12",1,1.11215454789375,"Oversampling",1.1,35,0.125496598639456,0.615238095238095
"13",1,1.09375,"Undersampling",1.1,6,0.178571428571429,0.357142857142857
"14",1,1.09375,"Near miss",1.1,2,0.214285714285714,0.428571428571429
"15",1,1.10005307855626,"SMOTE",1.1,36,0.0997929388643224,0.835123183828174
"16",1,129.53125,"Original",1.15,3,0,0
"17",1,1.16334549536907,"Oversampling",1.15,36,0.112137916126243,0.695201037613489
"18",1,1.125,"Undersampling",1.15,5,0.12,0.266666666666667
"19",1,1.09375,"Near miss",1.15,2,0.214285714285714,0.428571428571429
"20",1,1.10005307855626,"SMOTE",1.15,36,0.0997929388643224,0.835123183828174
"21",1,129.53125,"Original",1.2,3,0,0
"22",1,1.21234279028956,"Oversampling",1.2,35,0.100170068027211,0.642195767195767
"23",1,1.1875,"Undersampling",1.2,2,0.25,0.5
"24",1,1.09375,"Near miss",1.2,2,0.214285714285714,0.428571428571429
"25",1,1.10005307855626,"SMOTE",1.2,36,0.0997929388643224,0.835123183828174
"26",1,129.53125,"Original",1.25,3,0,0
"27",1,1.26102829327654,"Oversampling",1.25,38,0.0650550384030014,0.499663752521856
"28",1,1.21875,"Undersampling",1.25,22,0.260606060606061,0.6
"29",1,1.25,"Near miss",1.25,20,0.115384615384615,0.230769230769231
"30",1,1.25,"SMOTE",1.25,23,0.177264249912577,0.733243967828418
"31",2,9.68286445012788,"Original",1,38,0.0349619568634849,1
"32",2,1.01229946524064,"Oversampling",1,13,0.0630810092961491,0.139442231075697
"33",2,1.02088772845953,"Undersampling",1,30,0.0851612903225806,0.651612903225806
"34",2,1,"Near miss",1,43,0.107835876166494,0.528662420382166
"35",2,1,"SMOTE",1,15,0.0837843784378435,0.162376237623762
"36",2,9.68286445012788,"Original",1.05,38,0.0349619568634849,1
"37",2,1.06258770698849,"Oversampling",1.05,11,0.195043569618689,0.972807613868117
"38",2,1.07416879795396,"Undersampling",1.05,19,0.158863416209235,0.54601226993865
"39",2,1.04859335038363,"Near miss",1.05,40,0.537267080745342,0.68944099378882
"40",2,1.0502080443828,"SMOTE",1.05,16,0.0721348884381335,0.160243407707911
"41",2,9.68286445012788,"Original",1.1,38,0.0349619568634849,1
"42",2,1.11352941176471,"Oversampling",1.1,14,0.0980528511821983,0.168289290681502
"43",2,1.1227621483376,"Undersampling",1.1,23,0.093985941161156,0.844311377245509
"44",2,1.0997442455243,"Near miss",1.1,19,0.0976076555023923,0.575757575757576
"45",2,1.10026155187446,"SMOTE",1.1,15,0.140848317196865,0.795297372060857
"46",2,9.68286445012788,"Original",1.15,38,0.0349619568634849,1
"47",2,1.16277641277641,"Oversampling",1.15,14,0.0956940222897672,0.18936170212766
"48",2,1.17391304347826,"Undersampling",1.15,23,0.142384947876939,0.181286549707602
"49",2,1.0997442455243,"Near miss",1.15,19,0.0976076555023923,0.575757575757576
"50",2,1.10026155187446,"SMOTE",1.15,15,0.140848317196865,0.795297372060857
"51",2,9.68286445012788,"Original",1.2,38,0.0349619568634849,1
"52",2,1.20804084237396,"Oversampling",1.2,15,0.070661853188929,0.152346570397112
"53",2,1.21739130434783,"Undersampling",1.2,30,0.0428571428571429,0.114285714285714
"54",2,1.0997442455243,"Near miss",1.2,19,0.0976076555023923,0.575757575757576
"55",2,1.10026155187446,"SMOTE",1.2,15,0.140848317196865,0.795297372060857
"56",2,9.68286445012788,"Original",1.25,38,0.0349619568634849,1
"57",2,1.25613802256138,"Oversampling",1.25,15,0.124075434729365,0.17634092578986
"58",2,1.27109974424552,"Undersampling",1.25,29,0.142580395195661,0.859550561797753
"59",2,1.24808184143223,"Near miss",1.25,43,0.142441860465116,0.806818181818182
"60",2,1.25033025099075,"SMOTE",1.25,18,0.105246008471815,0.159090909090909
"61",3,6.07213578500707,"Original",1,39,0.069545838776608,0.846153846153846
"62",3,1.0125,"Oversampling",1,22,0.101587047984236,0.348564733450498
"63",3,1.02020202020202,"Undersampling",1,20,0.173214285714286,0.692857142857143
"64",3,1,"Near miss",1,31,0.123674911660777,0.537102473498233
"65",3,1,"SMOTE",1,33,0.138250961301019,0.5034924330617
"66",3,6.07213578500707,"Original",1.05,39,0.069545838776608,0.846153846153846
"67",3,1.06341342581125,"Oversampling",1.05,21,0.0889212827988337,0.6968787515006
"68",3,1.06506364922207,"Undersampling",1.05,40,0.111643835616438,0.777397260273973
"69",3,1.04950495049505,"Near miss",1.05,33,0.151202749140893,0.718213058419244
"70",3,1.05014677103718,"SMOTE",1.05,35,0.102206320810972,0.520572450805009
"71",3,6.07213578500707,"Original",1.1,39,0.069545838776608,0.846153846153846
"72",3,1.11275272161742,"Oversampling",1.1,19,0.184839781858079,0.66584917228694
"73",3,1.1046676096181,"Undersampling",1.1,37,0.104843098131689,0.708053691275168
"74",3,1.0990099009901,"Near miss",1.1,34,0.196809571286142,0.661016949152542
"75",3,1.10020502306509,"SMOTE",1.1,21,0.134804349090063,0.666056166056166
"76",3,6.07213578500707,"Original",1.15,39,0.069545838776608,0.846153846153846
"77",3,1.16121179334596,"Oversampling",1.15,18,0.148947258703356,0.682301438398999
"78",3,1.15983026874116,"Undersampling",1.15,33,0.131313131313131,0.73202614379085
"79",3,1.0990099009901,"Near miss",1.15,34,0.196809571286142,0.661016949152542
"80",3,1.10020502306509,"SMOTE",1.15,21,0.134804349090063,0.666056166056166
"81",3,6.07213578500707,"Original",1.2,39,0.069545838776608,0.846153846153846
"82",3,1.21031857908091,"Oversampling",1.2,22,0.130250883596964,0.708094327597196
"83",3,1.20933521923621,"Undersampling",1.2,21,0.165373497641868,0.747603833865815
"84",3,1.0990099009901,"Near miss",1.2,34,0.196809571286142,0.661016949152542
"85",3,1.10020502306509,"SMOTE",1.2,21,0.134804349090063,0.666056166056166
"86",3,6.07213578500707,"Original",1.25,39,0.069545838776608,0.846153846153846
"87",3,1.26005283240387,"Oversampling",1.25,21,0.10460729746444,0.288311688311688
"88",3,1.27722772277228,"Undersampling",1.25,35,0.110747456877488,0.712074303405573
"89",3,1.24893917963225,"Near miss",1.25,37,0.130545639979602,0.726415094339623
"90",3,1.25014560279557,"SMOTE",1.25,39,0.115948518923939,0.709573091849935
"91",4,4.16856600189934,"Original",1,22,0.0480215376909592,0.0858585858585859
"92",4,1.01315941359806,"Oversampling",1,9,0.128881245820197,0.325881341358555
"93",4,1.00477783086479,"Undersampling",1,37,0.181812324839738,0.855780691299166
"94",4,1,"Near miss",1,41,0.179769422397312,0.842042755344418
"95",4,1,"SMOTE",1,16,0.18871013667426,0.258257403189066
"96",4,4.16856600189934,"Original",1.05,22,0.0480215376909592,0.0858585858585859
"97",4,1.06349206349206,"Oversampling",1.05,10,0.173818608746698,0.244203111241561
"98",4,1.05230622919639,"Undersampling",1.05,35,0.190730011587486,0.485515643105446
"99",4,1.04992867332382,"Near miss",1.05,15,0.165314793356508,0.246813441483198
"100",4,1.05000598157674,"SMOTE",1.05,20,0.135570469798658,0.32156405018967
"101",4,4.16856600189934,"Original",1.1,22,0.0480215376909592,0.0858585858585859
"102",4,1.11595677050223,"Oversampling",1.1,9,0.154167083875705,0.21778311805347
"103",4,1.09747979077508,"Undersampling",1.1,35,0.257401714932859,0.763306908267271
"104",4,1.09985734664765,"Near miss",1.1,42,0.161791639732816,0.497737556561086
"105",4,1.10001253289886,"SMOTE",1.1,16,0.17011712921516,0.749328558639212
"106",4,4.16856600189934,"Original",1.15,22,0.0480215376909592,0.0858585858585859
"107",4,1.16668882094909,"Oversampling",1.15,6,0.138198916487785,0.242563630788102
"108",4,1.14693295292439,"Undersampling",1.15,28,0.161287770922322,0.427464008859358
"109",4,1.09985734664765,"Near miss",1.15,42,0.161791639732816,0.497737556561086
"110",4,1.10001253289886,"SMOTE",1.15,16,0.17011712921516,0.749328558639212
"111",4,4.16856600189934,"Original",1.2,22,0.0480215376909592,0.0858585858585859
"112",4,1.21750589540852,"Oversampling",1.2,7,0.160904136513893,0.275171982489056
"113",4,1.19400855920114,"Undersampling",1.2,38,0.20750085626213,0.457700650759219
"114",4,1.09985734664765,"Near miss",1.2,42,0.161791639732816,0.497737556561086
"115",4,1.10001253289886,"SMOTE",1.2,16,0.17011712921516,0.749328558639212
"116",4,4.16856600189934,"Original",1.25,22,0.0480215376909592,0.0858585858585859
"117",4,1.27018813314038,"Oversampling",1.25,5,0.112428298279159,0.160930528999363
"118",4,1.24298621017594,"Undersampling",1.25,40,0.211122881355932,0.848516949152542
"119",4,1.24964336661912,"Near miss",1.25,36,0.843081982616866,1
"120",4,1.25010682238997,"SMOTE",1.25,17,0.125425684351564,0.27965833596963
"121",5,5.46932515337423,"Original",1,27,0.0519218982575957,0.0732860520094563
"122",5,1.00791407574901,"Oversampling",1,14,0.106438631790744,0.214084507042254
"123",5,1.0251572327044,"Undersampling",1,40,0.195,0.515384615384615
"124",5,1,"Near miss",1,23,0.176900099568536,0.931297709923664
"125",5,1,"SMOTE",1,20,0.117671809256662,0.336605890603086
"126",5,5.46932515337423,"Original",1.05,27,0.0519218982575957,0.0732860520094563
"127",5,1.05316007088009,"Oversampling",1.05,12,0.122126436781609,0.239942528735632
"128",5,1.06748466257669,"Undersampling",1.05,28,0.157825630252101,0.786764705882353
"129",5,1.04907975460123,"Near miss",1.05,39,0.173271173271173,0.856060606060606
"130",5,1.05005889281508,"SMOTE",1.05,17,0.144906743185079,0.235294117647059
"131",5,5.46932515337423,"Original",1.1,27,0.0519218982575957,0.0732860520094563
"132",5,1.09723076923077,"Oversampling",1.1,8,0.143878299120235,0.240469208211144
"133",5,1.11042944785276,"Undersampling",1.1,30,0.162043795620438,0.766423357664234
"134",5,1.09815950920245,"Near miss",1.1,34,0.231429798196651,0.503649635036496
"135",5,1.10061728395062,"SMOTE",1.1,18,0.163403491597324,0.254038179148311
"136",5,5.46932515337423,"Original",1.15,27,0.0519218982575957,0.0732860520094563
"137",5,1.14958091553836,"Oversampling",1.15,15,0.136726546906188,0.296407185628743
"138",5,1.17484662576687,"Undersampling",1.15,41,0.176571624871178,0.816901408450704
"139",5,1.09815950920245,"Near miss",1.15,34,0.231429798196651,0.503649635036496
"140",5,1.10061728395062,"SMOTE",1.15,18,0.163403491597324,0.254038179148311
"141",5,5.46932515337423,"Original",1.2,27,0.0519218982575957,0.0732860520094563
"142",5,1.19104876419506,"Oversampling",1.2,11,0.115022172949002,0.217987804878049
"143",5,1.2239263803681,"Undersampling",1.2,39,0.199786324786325,0.902777777777778
"144",5,1.09815950920245,"Near miss",1.2,34,0.231429798196651,0.503649635036496
"145",5,1.10061728395062,"SMOTE",1.2,18,0.163403491597324,0.254038179148311
"146",5,5.46932515337423,"Original",1.25,27,0.0519218982575957,0.0732860520094563
"147",5,1.24598183088749,"Oversampling",1.25,14,0.12899290150843,0.27639751552795
"148",5,1.2638036809816,"Undersampling",1.25,35,0.193780369290573,0.870748299319728
"149",5,1.24846625766871,"Near miss",1.25,37,0.152050009192866,0.789115646258503
"150",5,1.25035063113604,"SMOTE",1.25,20,0.188102643856921,0.746500777604977
"151",6,1.8438995215311,"Original",1,34,0.098291721419185,0.235216819973719
"152",6,1.01173188940848,"Oversampling",1,17,0.213515620315404,0.753109072375127
"153",6,1.01103552532124,"Undersampling",1,35,0.125896885069817,0.78796992481203
"154",6,1,"Near miss",1,33,0.137411498159162,0.773457943925234
"155",6,1,"SMOTE",1,20,0.152665720656801,0.466855868639773
"156",6,1.8438995215311,"Original",1.05,34,0.098291721419185,0.235216819973719
"157",6,1.05972329638223,"Oversampling",1.05,18,0.175020275750203,0.736392075078206
"158",6,1.0611543062201,"Undersampling",1.05,18,0.237456172167815,0.718171926006529
"159",6,1.04994019138756,"Near miss",1.05,32,0.156956858810653,0.734403502371397
"160",6,1.05006811989101,"SMOTE",1.05,29,0.207777236796884,0.823504983388704
"161",6,1.8438995215311,"Original",1.1,34,0.098291721419185,0.235216819973719
"162",6,1.11209306519975,"Oversampling",1.1,17,0.131357900684286,0.283030949839915
"163",6,1.11273923444976,"Undersampling",1.1,36,0.139016670598412,0.816702052370842
"164",6,1.09988038277512,"Near miss",1.1,41,0.142617828313514,0.819217081850534
"165",6,1.10008920606601,"SMOTE",1.1,19,0.175889394328889,0.764068804417074
"166",6,1.8438995215311,"Original",1.15,34,0.098291721419185,0.235216819973719
"167",6,1.16000376258113,"Oversampling",1.15,16,0.176221702220286,0.772094035698737
"168",6,1.16238038277512,"Undersampling",1.15,33,0.171856833108129,0.751814725198756
"169",6,1.09988038277512,"Near miss",1.15,41,0.142617828313514,0.819217081850534
"170",6,1.10008920606601,"SMOTE",1.15,19,0.175889394328889,0.764068804417074
"171",6,1.8438995215311,"Original",1.2,34,0.098291721419185,0.235216819973719
"172",6,1.21091908876669,"Oversampling",1.2,20,0.186922735346359,0.76265541740675
"173",6,1.21127392344498,"Undersampling",1.2,33,0.127901735406806,0.273833671399594
"174",6,1.09988038277512,"Near miss",1.2,41,0.142617828313514,0.819217081850534
"175",6,1.10008920606601,"SMOTE",1.2,19,0.175889394328889,0.764068804417074
"176",6,1.8438995215311,"Original",1.25,34,0.098291721419185,0.235216819973719
"177",6,1.26430182489235,"Oversampling",1.25,21,0.150908620578155,0.770710728836578
"178",6,1.26420454545455,"Undersampling",1.25,34,0.153292680558523,0.741168702542093
"179",6,1.25,"Near miss",1.25,33,0.132723042992235,0.76271186440678
"180",6,1.2500760263558,"SMOTE",1.25,36,0.127646396396397,0.767117117117117
"181",7,42.0115384615385,"Original",1,21,0.00538802282988331,0.0125223613595707
"182",7,1.01477146042363,"Oversampling",1,36,0.094874849486332,0.743370993774499
"183",7,1.07438016528926,"Undersampling",1,45,0.121333333333333,0.51
"184",7,1,"Near miss",1,24,0.112980769230769,0.528846153846154
"185",7,1,"SMOTE",1,39,0.0974758056470119,0.857862211032273
"186",7,42.0115384615385,"Original",1.05,21,0.00538802282988331,0.0125223613595707
"187",7,1.06503510140406,"Oversampling",1.05,38,0.08642266824085,0.837780401416765
"188",7,1.11153846153846,"Undersampling",1.05,35,0.0444155844155844,0.127272727272727
"189",7,1.05,"Near miss",1.05,19,0.0649286768322676,0.130841121495327
"190",7,1.05008652182273,"SMOTE",1.05,38,0.0813357855238471,0.8843808630394
"191",7,42.0115384615385,"Original",1.1,21,0.00538802282988331,0.0125223613595707
"192",7,1.11847225066557,"Oversampling",1.1,39,0.0713201068531018,0.839255499153976
"193",7,1.15,"Undersampling",1.1,41,0.109973867595819,0.544642857142857
"194",7,1.1,"Near miss",1.1,29,0.079088895919013,0.137614678899083
"195",7,1.1,"SMOTE",1.1,35,0.0627817745803357,0.464028776978417
"196",7,42.0115384615385,"Original",1.15,21,0.00538802282988331,0.0125223613595707
"197",7,1.16823529411765,"Oversampling",1.15,36,0.0420092638272213,0.165762210162802
"198",7,1.20384615384615,"Undersampling",1.15,36,0.127777777777778,0.565217391304348
"199",7,1.1,"Near miss",1.15,29,0.079088895919013,0.137614678899083
"200",7,1.1,"SMOTE",1.15,35,0.0627817745803357,0.464028776978417
"201",7,42.0115384615385,"Original",1.2,21,0.00538802282988331,0.0125223613595707
"202",7,1.21799732381802,"Oversampling",1.2,35,0.170746247216835,0.822523881347411
"203",7,1.23846153846154,"Undersampling",1.2,28,0.0686813186813187,0.478632478632479
"204",7,1.1,"Near miss",1.2,29,0.079088895919013,0.137614678899083
"205",7,1.1,"SMOTE",1.2,35,0.0627817745803357,0.464028776978417
"206",7,42.0115384615385,"Original",1.25,21,0.00538802282988331,0.0125223613595707
"207",7,1.26555439694126,"Oversampling",1.25,32,0.0961311045768349,0.564817182306316
"208",7,1.28076923076923,"Undersampling",1.25,32,0.0588235294117647,0.579831932773109
"209",7,1.25,"Near miss",1.25,27,0.0974992086103197,0.162393162393162
"210",7,1.25005722133211,"SMOTE",1.25,39,0.090956517202702,0.858850457782299
"211",8,14.8375,"Original",1,14,0.0204282896590589,0.0374753451676529
"212",8,1.00593220338983,"Oversampling",1,36,0.102692713833157,0.503695881731785
"213",8,1.04575163398693,"Undersampling",1,24,0.154569892473118,0.467741935483871
"214",8,1,"Near miss",1,13,0.120192307692308,0.21875
"215",8,1,"SMOTE",1,20,0.099263157894737,0.308421052631579
"216",8,14.8375,"Original",1.05,14,0.0204282896590589,0.0374753451676529
"217",8,1.05230496453901,"Oversampling",1.05,36,0.101761956130888,0.516720604099245
"218",8,1.09375,"Undersampling",1.05,28,0.103411513859275,0.507462686567164
"219",8,1.05,"Near miss",1.05,23,0.101449275362319,0.303030303030303
"220",8,1.05044247787611,"SMOTE",1.05,27,0.114067681489472,0.574973031283711
"221",8,14.8375,"Original",1.1,14,0.0204282896590589,0.0374753451676529
"222",8,1.09958314034275,"Oversampling",1.1,32,0.148627207505519,0.711920529801324
"223",8,1.1375,"Undersampling",1.1,28,0.141304347826087,0.536231884057971
"224",8,1.1,"Near miss",1.1,35,0.126050420168067,0.838235294117647
"225",8,1.10009267840593,"SMOTE",1.1,21,0.157836644591612,0.790286975717439
"226",8,14.8375,"Original",1.15,14,0.0204282896590589,0.0374753451676529
"227",8,1.14409638554217,"Oversampling",1.15,24,0.122050561797753,0.465168539325843
"228",8,1.1875,"Undersampling",1.15,22,0.074025974025974,0.271428571428571
"229",8,1.1,"Near miss",1.15,35,0.126050420168067,0.838235294117647
"230",8,1.10009267840593,"SMOTE",1.15,21,0.157836644591612,0.790286975717439
"231",8,14.8375,"Original",1.2,14,0.0204282896590589,0.0374753451676529
"232",8,1.1929648241206,"Oversampling",1.2,38,0.113281485500693,0.709049255441008
"233",8,1.23125,"Undersampling",1.2,16,0.127604166666667,0.305555555555556
"234",8,1.1,"Near miss",1.2,35,0.126050420168067,0.838235294117647
"235",8,1.10009267840593,"SMOTE",1.2,21,0.157836644591612,0.790286975717439
"236",8,14.8375,"Original",1.25,14,0.0204282896590589,0.0374753451676529
"237",8,1.23839332290037,"Oversampling",1.25,34,0.12939122098199,0.745052386495926
"238",8,1.275,"Undersampling",1.25,23,0.0670289855072464,0.208333333333333
"239",8,1.25,"Near miss",1.25,23,0.0833333333333333,0.472222222222222
"240",8,1.25013164823591,"SMOTE",1.25,26,0.135312640575799,0.735672514619883
"241",9,13.4025974025974,"Original",1,16,0.00394144144144144,0.018018018018018
"242",9,1.0078125,"Oversampling",1,19,0.207204905467552,0.745145631067961
"243",9,1.05479452054795,"Undersampling",1,2,0.05,0.1
"244",9,1,"Near miss",1,3,0.10752688172043,0.161290322580645
"245",9,1,"SMOTE",1,19,0.118516630559449,0.501210653753027
"246",9,13.4025974025974,"Original",1.05,16,0.00394144144144144,0.018018018018018
"247",9,1.05846153846154,"Oversampling",1.05,20,0.22089552238806,0.646766169154229
"248",9,1.1038961038961,"Undersampling",1.05,1,0,0
"249",9,1.03896103896104,"Near miss",1.05,6,0.129032258064516,0.258064516129032
"250",9,1.05091649694501,"SMOTE",1.05,20,0.143688118811881,0.49009900990099
"251",9,13.4025974025974,"Original",1.1,16,0.00394144144144144,0.018018018018018
"252",9,1.1002132196162,"Oversampling",1.1,24,0.144831223628692,0.493670886075949
"253",9,1.16883116883117,"Undersampling",1.1,3,0.117647058823529,0.205882352941176
"254",9,1.09090909090909,"Near miss",1.1,22,0.31129476584022,0.575757575757576
"255",9,1.1002132196162,"SMOTE",1.1,19,0.10219853431046,0.286075949367089
"256",9,13.4025974025974,"Original",1.15,16,0.00394144144144144,0.018018018018018
"257",9,1.14412416851441,"Oversampling",1.15,22,0.115862230552952,0.34020618556701
"258",9,1.22077922077922,"Undersampling",1.15,4,0.114285714285714,0.228571428571429
"259",9,1.09090909090909,"Near miss",1.15,22,0.31129476584022,0.575757575757576
"260",9,1.1002132196162,"SMOTE",1.15,19,0.10219853431046,0.286075949367089
"261",9,13.4025974025974,"Original",1.2,16,0.00394144144144144,0.018018018018018
"262",9,1.19582850521437,"Oversampling",1.2,23,0.141533180778032,0.739473684210526
"263",9,1.25974025974026,"Undersampling",1.2,6,0.101851851851852,0.25
"264",9,1.09090909090909,"Near miss",1.2,22,0.31129476584022,0.575757575757576
"265",9,1.1002132196162,"SMOTE",1.2,19,0.10219853431046,0.286075949367089
"266",9,13.4025974025974,"Original",1.25,16,0.00394144144144144,0.018018018018018
"267",9,1.25242718446602,"Oversampling",1.25,23,0.143641888733053,0.731182795698925
"268",9,1.31168831168831,"Undersampling",1.25,9,0.138888888888889,0.25
"269",9,1.24675324675325,"Near miss",1.25,11,0.101010101010101,0.277777777777778
"270",9,1.25090909090909,"SMOTE",1.25,15,0.154121863799283,0.768817204301075
"271",10,8.76875,"Original",1,21,0.0724969474969475,0.987179487179487
"272",10,1.0129963898917,"Oversampling",1,19,0.166304450533875,0.481149012567325
"273",10,1.04575163398693,"Undersampling",1,24,0.146505376344086,0.67741935483871
"274",10,1,"Near miss",1,17,0.155330882352941,0.234375
"275",10,1,"SMOTE",1,25,0.141960784313725,0.796791443850267
"276",10,8.76875,"Original",1.05,21,0.0724969474969475,0.987179487179487
"277",10,1.05647590361446,"Oversampling",1.05,13,0.15018315018315,0.271062271062271
"278",10,1.09375,"Undersampling",1.05,21,0.0973702914001421,0.164179104477612
"279",10,1.05,"Near miss",1.05,25,0.151515151515152,0.560606060606061
"280",10,1.0501497005988,"SMOTE",1.05,18,0.129359286293593,0.505474452554745
"281",10,8.76875,"Original",1.1,21,0.0724969474969475,0.987179487179487
"282",10,1.10559495665879,"Oversampling",1.1,20,0.290262172284644,0.878277153558052
"283",10,1.1375,"Undersampling",1.1,22,0.10935441370224,0.579710144927536
"284",10,1.1,"Near miss",1.1,10,0.188235294117647,0.808823529411765
"285",10,1.10039215686275,"SMOTE",1.1,24,0.136370716510903,0.805607476635514
"286",10,8.76875,"Original",1.15,21,0.0724969474969475,0.987179487179487
"287",10,1.15663643858203,"Oversampling",1.15,21,0.214513338796322,0.831739961759082
"288",10,1.1875,"Undersampling",1.15,27,0.203703703703704,0.557142857142857
"289",10,1.1,"Near miss",1.15,10,0.188235294117647,0.808823529411765
"290",10,1.10039215686275,"SMOTE",1.15,24,0.136370716510903,0.805607476635514
"291",10,8.76875,"Original",1.2,21,0.0724969474969475,0.987179487179487
"292",10,1.20119863013699,"Oversampling",1.2,18,0.142455685257242,0.776264591439689
"293",10,1.23125,"Undersampling",1.2,19,0.122076023391813,0.291666666666667
"294",10,1.1,"Near miss",1.2,10,0.188235294117647,0.808823529411765
"295",10,1.10039215686275,"SMOTE",1.2,24,0.136370716510903,0.805607476635514
"296",10,8.76875,"Original",1.25,21,0.0724969474969475,0.987179487179487
"297",10,1.25491949910555,"Oversampling",1.25,16,0.12921626984127,0.81547619047619
"298",10,1.275,"Undersampling",1.25,20,0.178472222222222,0.347222222222222
"299",10,1.25,"Near miss",1.25,28,0.209821428571429,0.861111111111111
"300",10,1.25044563279857,"SMOTE",1.25,21,0.191890617633192,0.81980198019802
"301",11,7.19101123595506,"Original",1,22,0.021243361449547,0.0721649484536082
"302",11,1.00946372239748,"Oversampling",1,25,0.15521568627451,0.576470588235294
"303",11,1.04093567251462,"Undersampling",1,22,0.174025974025974,0.514285714285714
"304",11,1,"Near miss",1,30,0.0898148148148148,0.652777777777778
"305",11,1,"SMOTE",1,38,0.0984786184210527,0.47265625
"306",11,7.19101123595506,"Original",1.05,22,0.021243361449547,0.0721649484536082
"307",11,1.05785123966942,"Oversampling",1.05,21,0.196309045706636,0.548192771084337
"308",11,1.08988764044944,"Undersampling",1.05,15,0.131531531531532,0.540540540540541
"309",11,1.04494382022472,"Near miss",1.05,30,0.0707762557077626,0.465753424657534
"310",11,1.05004101722724,"SMOTE",1.05,22,0.0870909090909091,0.236
"311",11,7.19101123595506,"Original",1.1,22,0.021243361449547,0.0721649484536082
"312",11,1.10249784668389,"Oversampling",1.1,22,0.176426845138501,0.478527607361963
"313",11,1.15168539325843,"Undersampling",1.1,12,0.234848484848485,0.363636363636364
"314",11,1.09550561797753,"Near miss",1.1,26,0.115904365904366,0.486486486486487
"315",11,1.1006018916595,"SMOTE",1.1,23,0.102071663554726,0.50920245398773
"316",11,7.19101123595506,"Original",1.15,22,0.021243361449547,0.0721649484536082
"317",11,1.15523465703971,"Oversampling",1.15,24,0.204062064156206,0.556485355648536
"318",11,1.20224719101124,"Undersampling",1.15,13,0.107108081791626,0.253164556962025
"319",11,1.09550561797753,"Near miss",1.15,26,0.115904365904366,0.486486486486487
"320",11,1.1006018916595,"SMOTE",1.15,23,0.102071663554726,0.50920245398773
"321",11,7.19101123595506,"Original",1.2,22,0.021243361449547,0.0721649484536082
"322",11,1.19850187265918,"Oversampling",1.2,24,0.194148936170213,0.570212765957447
"323",11,1.24719101123595,"Undersampling",1.2,16,0.10390625,0.2375
"324",11,1.09550561797753,"Near miss",1.2,26,0.115904365904366,0.486486486486487
"325",11,1.1006018916595,"SMOTE",1.2,23,0.102071663554726,0.50920245398773
"326",11,7.19101123595506,"Original",1.25,22,0.021243361449547,0.0721649484536082
"327",11,1.25613346418057,"Oversampling",1.25,24,0.148007246376812,0.528260869565217
"328",11,1.29213483146067,"Undersampling",1.25,22,0.158536585365854,0.231707317073171
"329",11,1.24719101123595,"Near miss",1.25,14,0.10625,0.1875
"330",11,1.25,"SMOTE",1.25,27,0.118840579710145,0.467391304347826
"331",12,2.40731399747793,"Original",1,24,0.129158964879852,0.802218114602588
"332",12,1.01112288135593,"Oversampling",1,19,0.150242382271468,0.826315789473684
"333",12,1.01019108280255,"Undersampling",1,18,0.102482831484416,0.312202852614897
"334",12,1,"Near miss",1,14,0.160938903863432,0.283018867924528
"335",12,1,"SMOTE",1,22,0.276534983341266,0.992801047120419
"336",12,2.40731399747793,"Original",1.05,24,0.129158964879852,0.802218114602588
"337",12,1.06232609905398,"Oversampling",1.05,19,0.09365794797175,0.212407282535401
"338",12,1.04854981084489,"Undersampling",1.05,35,0.166732499451393,0.772657450076805
"339",12,1.04981084489281,"Near miss",1.05,18,0.110855094726062,0.235023041474654
"340",12,1.05005500550055,"SMOTE",1.05,17,0.117804762655732,0.53083109919571
"341",12,2.40731399747793,"Original",1.1,24,0.129158964879852,0.802218114602588
"342",12,1.1131195335277,"Oversampling",1.1,20,0.210034482758621,0.982068965517241
"343",12,1.09899117276166,"Undersampling",1.1,22,0.17970242970243,0.798798798798799
"344",12,1.09962168978562,"Near miss",1.1,24,0.206021989005497,0.76911544227886
"345",12,1.10028818443804,"SMOTE",1.1,21,0.14896466131034,0.777777777777778
"346",12,2.40731399747793,"Original",1.15,24,0.129158964879852,0.802218114602588
"347",12,1.16366961292289,"Oversampling",1.15,14,0.102141349150498,0.213230119634061
"348",12,1.14880201765448,"Undersampling",1.15,17,0.151408147446387,0.420204978038067
"349",12,1.09962168978562,"Near miss",1.15,24,0.206021989005497,0.76911544227886
"350",12,1.10028818443804,"SMOTE",1.15,21,0.14896466131034,0.777777777777778
"351",12,2.40731399747793,"Original",1.2,24,0.129158964879852,0.802218114602588
"352",12,1.21129441624365,"Oversampling",1.2,17,0.152899009065992,0.840860215053763
"353",12,1.19735182849937,"Undersampling",1.2,24,0.190877570540411,0.804878048780488
"354",12,1.09962168978562,"Near miss",1.2,24,0.206021989005497,0.76911544227886
"355",12,1.10028818443804,"SMOTE",1.2,21,0.14896466131034,0.777777777777778
"356",12,2.40731399747793,"Original",1.25,24,0.129158964879852,0.802218114602588
"357",12,1.25633432050016,"Oversampling",1.25,17,0.112973760932944,0.260932944606414
"358",12,1.2452711223203,"Undersampling",1.25,19,0.143110585452395,0.221910112359551
"359",12,1.24968474148802,"Near miss",1.25,21,0.150193410697612,0.785714285714286
"360",12,1.25016371971185,"SMOTE",1.25,20,0.120545454545455,0.48
"361",13,1.96348314606742,"Original",1,38,0.110902255639098,0.695238095238095
"362",13,1.01895043731778,"Oversampling",1,20,0.178597122302158,0.248201438848921
"363",13,1.02593659942363,"Undersampling",1,23,0.137783221065524,0.676056338028169
"364",13,1,"Near miss",1,22,0.173235855054037,0.531468531468531
"365",13,1,"SMOTE",1,17,0.158193277310924,0.25
"366",13,1.96348314606742,"Original",1.05,38,0.110902255639098,0.695238095238095
"367",13,1.06231003039514,"Oversampling",1.05,29,0.162778904665314,0.74264705882353
"368",13,1.06460674157303,"Undersampling",1.05,16,0.109375,0.317567567567568
"369",13,1.04775280898876,"Near miss",1.05,25,0.182585034013605,0.91156462585034
"370",13,1.05112781954887,"SMOTE",1.05,21,0.178266178266178,0.355311355311355
"371",13,1.96348314606742,"Original",1.1,38,0.110902255639098,0.695238095238095
"372",13,1.1042654028436,"Oversampling",1.1,18,0.16687552213868,0.281954887218045
"373",13,1.1123595505618,"Undersampling",1.1,19,0.227953990937609,0.71523178807947
"374",13,1.09831460674157,"Near miss",1.1,21,0.255439924314097,0.788079470198676
"375",13,1.1007874015748,"SMOTE",1.1,23,0.106497313141182,0.280898876404494
"376",13,1.96348314606742,"Original",1.15,38,0.110902255639098,0.695238095238095
"377",13,1.1592039800995,"Oversampling",1.15,17,0.161370295244535,0.708812260536398
"378",13,1.17415730337079,"Undersampling",1.15,19,0.184547908232119,0.615384615384615
"379",13,1.09831460674157,"Near miss",1.15,21,0.255439924314097,0.788079470198676
"380",13,1.1007874015748,"SMOTE",1.15,23,0.106497313141182,0.280898876404494
"381",13,1.96348314606742,"Original",1.2,38,0.110902255639098,0.695238095238095
"382",13,1.21565217391304,"Oversampling",1.2,20,0.107254901960784,0.219607843137255
"383",13,1.21629213483146,"Undersampling",1.2,26,0.189386562804284,0.943037974683544
"384",13,1.09831460674157,"Near miss",1.2,21,0.255439924314097,0.788079470198676
"385",13,1.1007874015748,"SMOTE",1.2,23,0.106497313141182,0.280898876404494
"386",13,1.96348314606742,"Original",1.25,38,0.110902255639098,0.695238095238095
"387",13,1.28729281767956,"Oversampling",1.25,19,0.134643838511943,0.72289156626506
"388",13,1.2752808988764,"Undersampling",1.25,19,0.119793348401679,0.269938650306748
"389",13,1.25,"Near miss",1.25,17,0.128242601388381,0.428571428571429
"390",13,1.25044722719141,"SMOTE",1.25,22,0.149891774891775,0.555555555555556
"391",14,1.53778268063982,"Original",1,40,0.102741585233442,0.614549402823019
"392",14,1.00831826401447,"Oversampling",1,42,0.12048347691912,0.793879387938794
"393",14,1.00387596899225,"Undersampling",1,42,0.106830870279146,0.216551724137931
"394",14,1,"Near miss",1,39,0.100515645970191,0.497245179063361
"395",14,1,"SMOTE",1,40,0.089336917562724,0.497311827956989
"396",14,1.53778268063982,"Original",1.05,40,0.102741585233442,0.614549402823019
"397",14,1.05806451612903,"Oversampling",1.05,43,0.119022612796056,0.773271889400922
"398",14,1.04964147821291,"Undersampling",1.05,43,0.064790760274187,0.234185733512786
"399",14,1.04964147821291,"Near miss",1.05,31,0.0780184952025355,0.271870794078062
"400",14,1.05009416195857,"SMOTE",1.05,41,0.0635400568881722,0.20752984389348
"401",14,1.53778268063982,"Original",1.1,40,0.102741585233442,0.614549402823019
"402",14,1.1015408929277,"Oversampling",1.1,38,0.0871911670050008,0.527751646284102
"403",14,1.09542195256481,"Undersampling",1.1,31,0.137903225806452,0.83421052631579
"404",14,1.09983452840596,"Near miss",1.1,25,0.122782152230971,0.770341207349081
"405",14,1.10023677979479,"SMOTE",1.1,31,0.0821141905194609,0.835680751173709
"406",14,1.53778268063982,"Original",1.15,40,0.102741585233442,0.614549402823019
"407",14,1.14874330449114,"Oversampling",1.15,31,0.0927882832777158,0.481800766283525
"408",14,1.146166574738,"Undersampling",1.15,39,0.140811140811141,0.782496782496782
"409",14,1.09983452840596,"Near miss",1.15,25,0.122782152230971,0.770341207349081
"410",14,1.10023677979479,"SMOTE",1.15,31,0.0821141905194609,0.835680751173709
"411",14,1.53778268063982,"Original",1.2,40,0.102741585233442,0.614549402823019
"412",14,1.19400428265525,"Oversampling",1.2,39,0.0850281425891182,0.538536585365854
"413",14,1.19194704908991,"Undersampling",1.2,37,0.11476300421024,0.82537688442211
"414",14,1.09983452840596,"Near miss",1.2,25,0.122782152230971,0.770341207349081
"415",14,1.10023677979479,"SMOTE",1.2,31,0.0821141905194609,0.835680751173709
"416",14,1.53778268063982,"Original",1.25,40,0.102741585233442,0.614549402823019
"417",14,1.24742729306488,"Oversampling",1.25,37,0.0986150329433911,0.54228855721393
"418",14,1.23827909542195,"Undersampling",1.25,31,0.128912931068772,0.808877928483354
"419",14,1.24986210700496,"Near miss",1.25,25,0.0837254901960784,0.420343137254902
"420",14,1.25022421524664,"SMOTE",1.25,42,0.0782109656611649,0.547808764940239
"421",15,5.07101449275362,"Original",1,17,0.051944405447143,0.0978520286396181
"422",15,1.01411764705882,"Oversampling",1,18,0.139779721412374,0.443148688046647
"423",15,1.06285714285714,"Undersampling",1,21,0.183300717547293,0.684931506849315
"424",15,1,"Near miss",1,14,0.154440154440154,0.337837837837838
"425",15,1,"SMOTE",1,25,0.211329479768786,0.734104046242775
"426",15,5.07101449275362,"Original",1.05,17,0.051944405447143,0.0978520286396181
"427",15,1.0655129789864,"Oversampling",1.05,17,0.279719051799824,0.686567164179104
"428",15,1.09139784946237,"Undersampling",1.05,24,0.145021645021645,0.298701298701299
"429",15,1.04838709677419,"Near miss",1.05,13,0.212550607287449,0.578947368421053
"430",15,1.05121951219512,"SMOTE",1.05,19,0.11557082617523,0.338278931750742
"431",15,5.07101449275362,"Original",1.1,17,0.051944405447143,0.0978520286396181
"432",15,1.11082474226804,"Oversampling",1.1,21,0.195252569112751,0.364741641337386
"433",15,1.13978494623656,"Undersampling",1.1,41,0.184146341463415,0.65
"434",15,1.09677419354839,"Near miss",1.1,20,0.148051948051948,0.311688311688312
"435",15,1.10089399744572,"SMOTE",1.1,27,0.10064167510976,0.240121580547112
"436",15,5.07101449275362,"Original",1.15,17,0.051944405447143,0.0978520286396181
"437",15,1.16644113667118,"Oversampling",1.15,15,0.26417445482866,0.632398753894081
"438",15,1.20430107526882,"Undersampling",1.15,20,0.222560975609756,0.585365853658537
"439",15,1.09677419354839,"Near miss",1.15,20,0.148051948051948,0.311688311688312
"440",15,1.10089399744572,"SMOTE",1.15,27,0.10064167510976,0.240121580547112
"441",15,5.07101449275362,"Original",1.2,17,0.051944405447143,0.0978520286396181
"442",15,1.21751412429379,"Oversampling",1.2,17,0.120082427875609,0.369426751592357
"443",15,1.24731182795699,"Undersampling",1.2,23,0.219461697722567,0.714285714285714
"444",15,1.09677419354839,"Near miss",1.2,20,0.148051948051948,0.311688311688312
"445",15,1.10089399744572,"SMOTE",1.2,27,0.10064167510976,0.240121580547112
"446",15,5.07101449275362,"Original",1.25,17,0.051944405447143,0.0978520286396181
"447",15,1.27703703703704,"Oversampling",1.25,18,0.16468253968254,0.688311688311688
"448",15,1.3010752688172,"Undersampling",1.25,19,0.275397796817625,0.558139534883721
"449",15,1.24731182795699,"Near miss",1.25,15,0.200793650793651,0.333333333333333
"450",15,1.2510885341074,"SMOTE",1.25,24,0.242095391211147,0.80064308681672
"451",16,1.88410104011887,"Original",1,44,0.0532450796626055,0.40979381443299
"452",16,1.01035856573705,"Oversampling",1,39,0.0722425722425723,0.503968253968254
"453",16,1.00899550224888,"Undersampling",1,42,0.0461087420042644,0.402985074626866
"454",16,1,"Near miss",1,43,0.0463387222270251,0.486988847583643
"455",16,1,"SMOTE",1,36,0.106454087223318,0.500986193293886
"456",16,1.88410104011887,"Original",1.05,44,0.0532450796626055,0.40979381443299
"457",16,1.0593149540518,"Oversampling",1.05,44,0.0269223676931588,0.415821501014199
"458",16,1.06389301634473,"Undersampling",1.05,33,0.102505196368012,0.490974729241877
"459",16,1.04903417533432,"Near miss",1.05,41,0.0457867394558423,0.288808664259928
"460",16,1.05053852526926,"SMOTE",1.05,41,0.0590785907859079,0.488888888888889
"461",16,1.88410104011887,"Original",1.1,44,0.0532450796626055,0.40979381443299
"462",16,1.10165073848827,"Oversampling",1.1,42,0.0501330967169476,0.476190476190476
"463",16,1.11144130757801,"Undersampling",1.1,40,0.05,0.473684210526316
"464",16,1.09955423476969,"Near miss",1.1,40,0.0643992932862191,0.484098939929329
"465",16,1.10069444444444,"SMOTE",1.1,41,0.0756956016765137,0.472049689440994
"466",16,1.88410104011887,"Original",1.15,44,0.0532450796626055,0.40979381443299
"467",16,1.15272727272727,"Oversampling",1.15,39,0.0710684664173036,0.465116279069767
"468",16,1.16641901931649,"Undersampling",1.15,36,0.0839060710194731,0.481099656357388
"469",16,1.09955423476969,"Near miss",1.15,40,0.0643992932862191,0.484098939929329
"470",16,1.10069444444444,"SMOTE",1.15,41,0.0756956016765137,0.472049689440994
"471",16,1.88410104011887,"Original",1.2,44,0.0532450796626055,0.40979381443299
"472",16,1.1996215704825,"Oversampling",1.2,37,0.0686160298229263,0.396551724137931
"473",16,1.20950965824666,"Undersampling",1.2,34,0.0761942360836952,0.456375838926175
"474",16,1.09955423476969,"Near miss",1.2,40,0.0643992932862191,0.484098939929329
"475",16,1.10069444444444,"SMOTE",1.2,41,0.0756956016765137,0.472049689440994
"476",16,1.88410104011887,"Original",1.25,44,0.0532450796626055,0.40979381443299
"477",16,1.2542037586548,"Oversampling",1.25,38,0.112781954887218,0.441758241758242
"478",16,1.26597325408618,"Undersampling",1.25,40,0.0597861842105263,0.444078947368421
"479",16,1.24962852897474,"Near miss",1.25,38,0.0891957616814313,0.438943894389439
"480",16,1.25049309664694,"SMOTE",1.25,38,0.0768652400231347,0.43956043956044
"481",17,12.2933333333333,"Original",1,39,0.0265407107512371,0.167919799498747
"482",17,1.00326441784548,"Oversampling",1,20,0.130393487109905,0.921302578018996
"483",17,1.03448275862069,"Undersampling",1,25,0.0766101694915254,0.661016949152542
"484",17,1,"Near miss",1,43,0.0957364341085271,0.566666666666667
"485",17,1,"SMOTE",1,24,0.0685775667118952,0.139755766621438
"486",17,12.2933333333333,"Original",1.05,39,0.0265407107512371,0.167919799498747
"487",17,1.04951622083096,"Oversampling",1.05,25,0.089,0.136111111111111
"488",17,1.07333333333333,"Undersampling",1.05,39,0.14722911497105,0.451612903225806
"489",17,1.04666666666667,"Near miss",1.05,31,0.0655567117585848,0.209677419354839
"490",17,1.0501138952164,"SMOTE",1.05,25,0.0641331484049929,0.213592233009709
"491",17,12.2933333333333,"Original",1.1,39,0.0265407107512371,0.167919799498747
"492",17,1.09827278141751,"Oversampling",1.1,23,0.0781375269811904,0.109219858156028
"493",17,1.14,"Undersampling",1.1,42,0.123809523809524,0.6
"494",17,1.1,"Near miss",1.1,22,0.104617604617605,0.634920634920635
"495",17,1.10023866348449,"SMOTE",1.1,24,0.0715721040189126,0.136170212765957
"496",17,12.2933333333333,"Original",1.15,39,0.0265407107512371,0.167919799498747
"497",17,1.14747977598009,"Oversampling",1.15,28,0.0612836438923395,0.228985507246377
"498",17,1.18666666666667,"Undersampling",1.15,27,0.0802469135802469,0.545454545454545
"499",17,1.1,"Near miss",1.15,22,0.104617604617605,0.634920634920635
"500",17,1.10023866348449,"SMOTE",1.15,24,0.0715721040189126,0.136170212765957
"501",17,12.2933333333333,"Original",1.2,39,0.0265407107512371,0.167919799498747
"502",17,1.19044544867657,"Oversampling",1.2,20,0.073377581120944,0.156342182890855
"503",17,1.23333333333333,"Undersampling",1.2,32,0.0541044776119403,0.17910447761194
"504",17,1.1,"Near miss",1.2,22,0.104617604617605,0.634920634920635
"505",17,1.10023866348449,"SMOTE",1.2,24,0.0715721040189126,0.136170212765957
"506",17,12.2933333333333,"Original",1.25,39,0.0265407107512371,0.167919799498747
"507",17,1.24594594594595,"Oversampling",1.25,24,0.13828320802005,0.851127819548872
"508",17,1.27333333333333,"Undersampling",1.25,26,0.0921945701357466,0.411764705882353
"509",17,1.24666666666667,"Near miss",1.25,27,0.111111111111111,0.477611940298507
"510",17,1.25016949152542,"SMOTE",1.25,26,0.0917516218721038,0.15210843373494
"511",18,17.5402298850575,"Original",1,22,0.0222347312130595,0.0526315789473684
"512",18,1.01104240282686,"Oversampling",1,37,0.0808140742279052,0.50384193194292
"513",18,1.07851239669421,"Undersampling",1,37,0.0883061279100883,0.435643564356436
"514",18,1,"Near miss",1,41,0.172342383801197,0.311320754716981
"515",18,1,"SMOTE",1,40,0.20107805676856,0.358624454148472
"516",18,17.5402298850575,"Original",1.05,22,0.0222347312130595,0.0526315789473684
"517",18,1.06144215163459,"Oversampling",1.05,36,0.072372119168072,0.666666666666667
"518",18,1.11111111111111,"Undersampling",1.05,27,0.152861952861953,0.445454545454545
"519",18,1.04980842911877,"Near miss",1.05,26,0.0822649572649573,0.527777777777778
"520",18,1.05,"SMOTE",1.05,39,0.0660959100556412,0.489373601789709
"521",18,17.5402298850575,"Original",1.1,22,0.0222347312130595,0.0526315789473684
"522",18,1.1160409556314,"Oversampling",1.1,38,0.0925067418113505,0.659182498560737
"523",18,1.14942528735632,"Undersampling",1.1,21,0.134007585335019,0.663716814159292
"524",18,1.09961685823755,"Near miss",1.1,41,0.0960228521204131,0.432432432432432
"525",18,1.10021629416006,"SMOTE",1.1,34,0.133925268220496,0.649514008004574
"526",18,17.5402298850575,"Original",1.15,22,0.0222347312130595,0.0526315789473684
"527",18,1.16429298067141,"Oversampling",1.15,36,0.236967443074313,0.541984732824427
"528",18,1.20689655172414,"Undersampling",1.15,22,0.173197492163009,0.663793103448276
"529",18,1.09961685823755,"Near miss",1.15,41,0.0960228521204131,0.432432432432432
"530",18,1.10021629416006,"SMOTE",1.15,34,0.133925268220496,0.649514008004574
"531",18,17.5402298850575,"Original",1.2,22,0.0222347312130595,0.0526315789473684
"532",18,1.21367974549311,"Oversampling",1.2,37,0.0797547996829864,0.456014362657092
"533",18,1.23754789272031,"Undersampling",1.2,27,0.146565368787591,0.735042735042735
"534",18,1.09961685823755,"Near miss",1.2,41,0.0960228521204131,0.432432432432432
"535",18,1.10021629416006,"SMOTE",1.2,34,0.133925268220496,0.649514008004574
"536",18,17.5402298850575,"Original",1.25,22,0.0222347312130595,0.0526315789473684
"537",18,1.26011560693642,"Oversampling",1.25,39,0.276991786126987,0.549939098660171
"538",18,1.28352490421456,"Undersampling",1.25,27,0.149382716049383,0.608333333333333
"539",18,1.24904214559387,"Near miss",1.25,30,0.117378917378917,0.376068376068376
"540",18,1.25013653741125,"SMOTE",1.25,39,0.0690861594439524,0.459066100667071
"541",19,25.7650273224044,"Original",1,18,0.0205215419501134,0.026530612244898
"542",19,1.01136851136851,"Oversampling",1,37,0.119336936936937,0.667733333333333
"543",19,1.04571428571429,"Undersampling",1,13,0.175213675213675,0.458333333333333
"544",19,1,"Near miss",1,23,0.216803760282021,0.783783783783784
"545",19,1,"SMOTE",1,21,0.110059081957279,0.296924708377519
"546",19,25.7650273224044,"Original",1.05,18,0.0205215419501134,0.026530612244898
"547",19,1.06002697841727,"Oversampling",1.05,30,0.14362611383888,0.704855428259684
"548",19,1.0983606557377,"Undersampling",1.05,25,0.117402597402597,0.285714285714286
"549",19,1.04918032786885,"Near miss",1.05,11,0.180589680589681,0.337837837837838
"550",19,1.05011135857461,"SMOTE",1.05,22,0.224458051454249,0.596958174904943
"551",19,25.7650273224044,"Original",1.1,18,0.0205215419501134,0.026530612244898
"552",19,1.11518448438978,"Oversampling",1.1,25,0.145131358300727,0.691447736165456
"553",19,1.13661202185792,"Undersampling",1.1,12,0.152777777777778,0.320512820512821
"554",19,1.0983606557377,"Near miss",1.1,21,0.146567717996289,0.25974025974026
"555",19,1.10009332711153,"SMOTE",1.1,15,0.133851563945956,0.30094392004442
"556",19,25.7650273224044,"Original",1.15,18,0.0205215419501134,0.026530612244898
"557",19,1.16592482690406,"Oversampling",1.15,37,0.125163998950407,0.696744717304397
"558",19,1.19672131147541,"Undersampling",1.15,13,0.128846153846154,0.3125
"559",19,1.0983606557377,"Near miss",1.15,21,0.146567717996289,0.25974025974026
"560",19,1.10009332711153,"SMOTE",1.15,15,0.133851563945956,0.30094392004442
"561",19,25.7650273224044,"Original",1.2,18,0.0205215419501134,0.026530612244898
"562",19,1.21426731908318,"Oversampling",1.2,19,0.146290683077677,0.559045956951716
"563",19,1.24590163934426,"Undersampling",1.2,17,0.123316796598157,0.216867469879518
"564",19,1.0983606557377,"Near miss",1.2,21,0.146567717996289,0.25974025974026
"565",19,1.10009332711153,"SMOTE",1.2,15,0.133851563945956,0.30094392004442
"566",19,25.7650273224044,"Original",1.25,18,0.0205215419501134,0.026530612244898
"567",19,1.26339764201501,"Oversampling",1.25,30,0.166094335898954,0.710479573712256
"568",19,1.2896174863388,"Undersampling",1.25,19,0.141604010025063,0.25
"569",19,1.24590163934426,"Near miss",1.25,21,0.16982214572576,0.759036144578313
"570",19,1.25,"SMOTE",1.25,16,0.129382734236888,0.397171479080731
"571",20,28.0980392156863,"Original",1,21,0.0575597242263909,0.96969696969697
"572",20,1.00986610288936,"Oversampling",1,41,0.0642433044295417,0.36077057793345
"573",20,1.0625,"Undersampling",1,16,0.059375,0.2
"574",20,1,"Near miss",1,16,0.0416666666666667,0.238095238095238
"575",20,1,"SMOTE",1,36,0.0734126984126984,0.47212543554007
"576",20,28.0980392156863,"Original",1.05,21,0.0575597242263909,0.96969696969697
"577",20,1.05678466076696,"Oversampling",1.05,37,0.0896871827104385,0.493738819320215
"578",20,1.11764705882353,"Undersampling",1.05,30,0.0803030303030303,0.590909090909091
"579",20,1.03921568627451,"Near miss",1.05,15,0.228571428571429,0.571428571428571
"580",20,1.05058651026393,"SMOTE",1.05,35,0.095,0.492857142857143
"581",20,28.0980392156863,"Original",1.1,21,0.0575597242263909,0.96969696969697
"582",20,1.10315627405697,"Oversampling",1.1,31,0.12761691336911,0.517367458866545
"583",20,1.11764705882353,"Undersampling",1.1,21,0.106060606060606,0.272727272727273
"584",20,1.09803921568627,"Near miss",1.1,33,0.193675889328063,0.434782608695652
"585",20,1.10061443932412,"SMOTE",1.1,36,0.102747364152474,0.5
"586",20,28.0980392156863,"Original",1.15,21,0.0575597242263909,0.96969696969697
"587",20,1.15938511326861,"Oversampling",1.15,38,0.102656173143138,0.471028037383178
"588",20,1.17647058823529,"Undersampling",1.15,26,0.0839160839160839,0.181818181818182
"589",20,1.09803921568627,"Near miss",1.15,33,0.193675889328063,0.434782608695652
"590",20,1.10061443932412,"SMOTE",1.15,36,0.102747364152474,0.5
"591",20,28.0980392156863,"Original",1.2,21,0.0575597242263909,0.96969696969697
"592",20,1.2031905961377,"Oversampling",1.2,34,0.108197271303959,0.522813688212928
"593",20,1.2156862745098,"Undersampling",1.2,16,0.140625,0.458333333333333
"594",20,1.09803921568627,"Near miss",1.2,33,0.193675889328063,0.434782608695652
"595",20,1.10061443932412,"SMOTE",1.2,36,0.102747364152474,0.5
"596",20,28.0980392156863,"Original",1.25,21,0.0575597242263909,0.96969696969697
"597",20,1.25922671353251,"Oversampling",1.25,36,0.109546925566343,0.549514563106796
"598",20,1.25490196078431,"Undersampling",1.25,24,0.0486111111111111,0.416666666666667
"599",20,1.23529411764706,"Near miss",1.25,24,0.170138888888889,0.541666666666667
"600",20,1.25043630017452,"SMOTE",1.25,39,0.0881317264295988,0.462282398452611
"601",21,12.5786516853933,"Original",1,11,0,0
"602",21,1.00538841490795,"Oversampling",1,18,0.188216243148978,0.455156950672646
"603",21,1.04093567251462,"Undersampling",1,1,0,0
"604",21,1,"Near miss",1,4,0.177083333333333,0.402777777777778
"605",21,1,"SMOTE",1,14,0.133429210610419,0.376957494407159
"606",21,12.5786516853933,"Original",1.05,11,0,0
"607",21,1.05414312617702,"Oversampling",1.05,19,0.164534041525833,0.528669724770642
"608",21,1.08988764044944,"Undersampling",1.05,4,0.189189189189189,0.405405405405405
"609",21,1.04494382022472,"Near miss",1.05,9,0.272450532724505,0.397260273972603
"610",21,1.05018761726079,"SMOTE",1.05,16,0.154567583046964,0.380297823596793
"611",21,12.5786516853933,"Original",1.1,11,0,0
"612",21,1.09647404505387,"Oversampling",1.1,17,0.189473684210526,0.525146198830409
"613",21,1.15168539325843,"Undersampling",1.1,19,0.291866028708134,0.532467532467532
"614",21,1.09550561797753,"Near miss",1.1,2,0.310810810810811,0.621621621621622
"615",21,1.1002457002457,"SMOTE",1.1,11,0.276878858846072,0.375878220140515
"616",21,12.5786516853933,"Original",1.15,11,0,0
"617",21,1.14176440591535,"Oversampling",1.15,21,0.198922902494331,0.564285714285714
"618",21,1.20224719101124,"Undersampling",1.15,14,0.253164556962025,0.40506329113924
"619",21,1.09550561797753,"Near miss",1.15,2,0.310810810810811,0.621621621621622
"620",21,1.1002457002457,"SMOTE",1.15,11,0.276878858846072,0.375878220140515
"621",21,12.5786516853933,"Original",1.2,11,0,0
"622",21,1.18653948065713,"Oversampling",1.2,22,0.17129476584022,0.461818181818182
"623",21,1.24719101123595,"Undersampling",1.2,5,0.17,0.225
"624",21,1.09550561797753,"Near miss",1.2,2,0.310810810810811,0.621621621621622
"625",21,1.1002457002457,"SMOTE",1.2,11,0.276878858846072,0.375878220140515
"626",21,12.5786516853933,"Original",1.25,11,0,0
"627",21,1.23633351739371,"Oversampling",1.25,17,0.205737109658678,0.477777777777778
"628",21,1.29213483146067,"Undersampling",1.25,7,0.343205574912892,0.463414634146341
"629",21,1.24719101123595,"Near miss",1.25,7,0.189285714285714,0.3625
"630",21,1.250139586823,"SMOTE",1.25,13,0.116819747416762,0.42910447761194
